numero de muestra,nombre,cedula,sexo,ocupacion,edad,temperatura ambiente_primera,temperatura basal_primera,diagnosticado con ttm,imagen: temperatura maxima derecha_primera,imagen: temperatura minima derecha_primera,imagen: temperatura media derecha_primera,r2: temperatura maxima derecha_primera,r2: temperatura minima derecha_primera,r2: temperatura media derecha_primera,r3: temperatura maxima derecha_primera,r3: temperatura minima derecha_primera,r3: temperatura media derecha_primera,r4: temperatura maxima derecha_primera,r4: temperatura minima derecha_primera,r4: temperatura media derecha_primera,r1: temperatura maxima derecha_primera,r1: temperatura minima derecha_primera,r1: temperatura media derecha_primera,imagen: temperatura maxima izquierda_primera,imagen: temperatura minima izquierda_primera,imagen: temperatura media izquierda_primera,r2: temperatura maxima izquierda_primera,r2: temperatura minima izquierda_primera,r2: temperatura media izquierda_primera,r3: temperatura maxima izquierda_primera,r3: temperatura minima izquierda_primera,r3: temperatura media izquierda_primera,r4: temperatura maxima izquierda_primera,r4: temperatura minima izquierda_primera,r4: temperatura media izquierda_primera,r1: temperatura maxima izquierda_primera,r1: temperatura minima izquierda_primera,r1: temperatura media izquierda_primera,delta_t_r1_primera,delta_t_r2_primera,delta_t_r3_primera,delta_t_r4_primera,delta_t_global_media_primera,temperatura ambiente_segunda,temperatura basal_segunda,imagen: temperatura maxima derecha_segunda,imagen: temperatura minima derecha_segunda,imagen: temperatura media derecha_segunda,r2: temperatura maxima derecha_segunda,r2: temperatura minima derecha_segunda,r2: temperatura media derecha_segunda,r3: temperatura maxima derecha_segunda,r3: temperatura minima derecha_segunda,r3: temperatura media derecha_segunda,r4: temperatura maxima derecha_segunda,r4: temperatura minima derecha_segunda,r4: temperatura media derecha_segunda,r1: temperatura maxima derecha_segunda,r1: temperatura minima derecha_segunda,r1: temperatura media derecha_segunda,imagen: temperatura maxima izquierda_segunda,imagen: temperatura minima izquierda_segunda,imagen: temperatura media izquierda_segunda,r2: temperatura maxima izquierda_segunda,r2: temperatura minima izquierda_segunda,r2: temperatura media izquierda_segunda,r3: temperatura maxima izquierda_segunda,r3: temperatura minima izquierda_segunda,r3: temperatura media izquierda_segunda,r4: temperatura maxima izquierda_segunda,r4: temperatura minima izquierda_segunda,r4: temperatura media izquierda_segunda,r1: temperatura maxima izquierda_segunda,r1: temperatura minima izquierda_segunda,r1: temperatura media izquierda_segunda,p1 derecha_segunda,p2 derecha_segunda,p3 derecha_segunda,p4 derecha_segunda,p5 derecha_segunda,p6 derecha_segunda,p7 derecha_segunda,p1 izquierda_segunda,p2 izquierda_segunda,p3 izquierda_segunda,p4 izquierda_segunda,p5 izquierda_segunda,p6 izquierda_segunda,p7 izquierda_segunda,delta_t_r1_segunda,delta_t_r2_segunda,delta_t_r3_segunda,delta_t_r4_segunda,delta_t_global_media_segunda
1,JadassaPérez,30700340,Femenino,Estudiante,20,20.3,36.5,No,34.5,17.5,24.2,33.4,25.1,32.1,34.5,25.4,30.8,32.8,25.4,31.0,33.9,30.0,32.2,34.3,18.9,24.1,33.8,25.6,32.0,33.9,25.4,31.1,33.1,20.5,30.6,34.1,26.9,32.4,0.2,0.1,0.3,0.4,0.25,20.3,36.5,34.5,17.5,24.2,33.4,25.1,32.1,34.5,25.4,30.8,32.8,25.4,31.0,33.9,30.0,32.2,34.3,18.9,24.1,33.8,25.6,32.0,33.9,25.4,31.1,33.1,20.5,30.6,34.1,26.9,32.4,,,,,,,,,,,,,,,0.2,0.1,0.3,0.4,0.25
2,AtilioBaptista,9014891,Masculino,Barbero,68,20.3,36.8,No,34.5,17.9,26.0,33.9,25.7,32.1,34.4,26.7,32.3,33.0,21.8,32.1,34.0,32.3,33.2,34.5,19.6,25.4,34.0,26.2,32.7,34.5,25.8,31.2,33.5,30.0,32.3,34.0,22.4,32.8,0.4,0.6,1.1,0.2,0.58,20.3,36.8,34.5,17.9,26.0,33.9,25.7,32.1,34.4,26.7,32.3,33.0,21.8,32.1,34.0,32.3,33.2,34.5,19.6,25.4,34.0,26.2,32.7,34.5,25.8,31.2,33.5,30.0,32.3,34.0,22.4,32.8,32.5,,,,,,,32.1,,,,,,,0.4,0.6,1.1,0.2,0.58
3,AdrianFlores,29557033,Masculino,Estudiante,23,20.3,37.4,No,33.7,16.5,23.7,33.5,24.7,31.6,33.7,24.6,30.7,33.1,28.7,30.9,32.6,25.3,30.4,33.6,17.8,23.6,33.3,25.0,31.5,33.6,27.2,31.2,32.3,27.5,30.5,33.3,24.8,30.2,0.2,0.1,0.5,0.4,0.3,20.3,37.4,33.7,16.5,23.7,33.5,24.7,31.6,33.7,24.6,30.7,33.1,28.7,30.9,32.6,25.3,30.4,33.6,17.8,23.6,33.3,25.0,31.5,33.6,27.2,31.2,32.3,27.5,30.5,33.3,24.8,30.2,31.7,,,,,,,31.5,,,,,,,0.2,0.1,0.5,0.4,0.3
4,ValeriaLiendo,26952833,Femenino,Estudiante,26,20.3,36.5,No,34.5,18.3,24.0,32.8,26.1,31.0,34.5,23.5,29.8,31.4,20.1,29.5,33.6,21.3,30.1,34.5,19.1,24.0,33.4,25.0,31.6,34.5,24.3,29.6,32.2,29.8,31.0,33.2,21.8,29.5,0.6,0.6,0.2,1.5,0.72,20.3,36.5,34.5,18.3,24.0,32.8,26.1,31.0,34.5,23.5,29.8,31.4,20.1,29.5,33.6,21.3,30.1,34.5,19.1,24.0,33.4,25.0,31.6,34.5,24.3,29.6,32.2,29.8,31.0,33.2,21.8,29.5,30.8,30.9,,,,,,32.4,,,,,,,0.6,0.6,0.2,1.5,0.72
5,EdixonRincon,13609569,Masculino,Militar,47,20.3,36.5,Si,34.4,17.0,24.4,33.8,25.5,31.8,34.4,24.6,31.3,34.0,20.0,32.0,33.5,30.4,32.3,34.0,18.4,24.5,34.0,25.7,31.4,33.9,24.9,31.3,34.0,30.9,32.6,33.9,31.1,32.6,0.3,0.4,0.0,0.6,0.32,20.3,36.5,34.4,17.0,24.4,33.8,25.5,31.8,34.4,24.6,31.3,34.0,20.0,32.0,33.5,30.4,32.3,34.0,18.4,24.5,34.0,25.7,31.4,33.9,24.9,31.3,34.0,30.9,32.6,33.9,31.1,32.6,,,,,,,,,,,,,,,0.3,0.4,0.0,0.6,0.32
6,LigiaNaranjo,10496095,Femenino,osturera,55,20.3,36.3,No,34.5,18.0,24.1,32.9,26.3,31.3,34.5,27.4,30.4,31.8,27.8,30.0,33.6,21.8,30.6,34.4,19.3,25.0,32.6,26.2,31.1,34.3,27.0,30.8,32.0,28.2,29.7,34.4,22.4,32.2,1.6,0.2,0.4,0.3,0.62,20.3,36.3,34.5,18.0,24.1,32.9,26.3,31.3,34.5,27.4,30.4,31.8,27.8,30.0,33.6,21.8,30.6,34.4,19.3,25.0,32.6,26.2,31.1,34.3,27.0,30.8,32.0,28.2,29.7,34.4,22.4,32.2,30.4,30.4,,,,,,,,,,,,,1.6,0.2,0.4,0.3,0.62
7,RosauraSanabria,3721720,Femenino,Amadeasa,78,20.3,36.5,No,34.1,17.8,23.6,33.3,21.6,29.6,32.2,25.2,30.3,32.3,28.8,30.5,34.1,22.5,31.3,33.5,19.2,23.5,33.2,22.1,29.8,33.3,21.9,29.7,31.8,29.2,30.4,33.5,22.5,26.9,4.4,0.2,0.6,0.1,1.32,20.3,36.5,34.1,17.8,23.6,33.3,21.6,29.6,32.2,25.2,30.3,32.3,28.8,30.5,34.1,22.5,31.3,33.5,19.2,23.5,33.2,22.1,29.8,33.3,21.9,29.7,31.8,29.2,30.4,33.5,22.5,26.9,,,,,,,,,,,,,,,4.4,0.2,0.6,0.1,1.32
8,GreydelaPeña,24524633,Femenino,Delhogar,60,20.3,36.5,No,34.7,17.7,24.2,34.6,20.9,30.6,34.1,25.1,30.8,32.8,22.1,30.1,34.7,27.5,32.5,34.7,18.9,24.1,34.1,26.3,32.0,34.7,26.3,30.8,32.4,28.2,29.9,34.3,28.9,32.3,0.2,1.4,0.0,0.2,0.45,20.3,36.5,34.7,17.7,24.2,34.6,20.9,30.6,34.1,25.1,30.8,32.8,22.1,30.1,34.7,27.5,32.5,34.7,18.9,24.1,34.1,26.3,32.0,34.7,26.3,30.8,32.4,28.2,29.9,34.3,28.9,32.3,30.7,30.9,30.6,,,,,33.2,32.1,29.9,32.3,31.1,30.8,,0.2,1.4,0.0,0.2,0.45
9,Gabrielabrera,30145371,Masculino,Freelancer,24,20.3,36.8,No,34.3,17.0,23.9,32.8,23.1,31.4,34.3,26.0,31.3,32.4,29.0,30.6,33.8,26.6,31.4,34.1,18.8,24.1,33.1,26.5,31.9,34.1,25.3,31.2,32.9,29.8,31.2,33.8,23.0,31.8,0.4,0.5,0.1,0.6,0.4,20.3,36.8,34.3,17.0,23.9,32.8,23.1,31.4,34.3,26.0,31.3,32.4,29.0,30.6,33.8,26.6,31.4,34.1,18.8,24.1,33.1,26.5,31.9,34.1,25.3,31.2,32.9,29.8,31.2,33.8,23.0,31.8,30.6,,,,,,,,,,,,,,0.4,0.5,0.1,0.6,0.4
10,YajairaAlvarez,4074373,Femenino,Profesorauniversitaria,74,20.3,36.3,No,32.8,16.2,23.2,31.9,20.3,29.7,32.6,24.8,29.3,30.7,23.0,29.0,32.8,27.8,31.0,32.9,17.5,23.4,32.1,24.9,30.2,32.6,25.3,29.3,30.3,27.7,29.1,32.9,26.7,30.5,0.5,0.5,0.0,0.1,0.28,20.3,36.3,32.8,16.2,23.2,31.9,20.3,29.7,32.6,24.8,29.3,30.7,23.0,29.0,32.8,27.8,31.0,32.9,17.5,23.4,32.1,24.9,30.2,32.6,25.3,29.3,30.3,27.7,29.1,32.9,26.7,30.5,29.9,29.6,29.7,30.8,28.9,28.0,31.1,30.0,29.7,30.5,31.5,0.2,30.5,30.4,0.5,0.5,0.0,0.1,0.28
11,AranayedAndrade,22900125,Femenino,Hogar,31,20.3,36.9,No,35.5,17.2,24.3,34.4,25.8,32.3,35.5,27.6,31.5,32.9,30.1,31.2,34.0,26.3,31.4,34.8,18.5,23.7,33.4,24.8,31.2,34.8,26.6,31.1,32.8,30.2,31.2,34.4,22.7,31.3,0.1,1.1,0.4,0.0,0.4,20.3,36.9,35.5,17.2,24.3,34.4,25.8,32.3,35.5,27.6,31.5,32.9,30.1,31.2,34.0,26.3,31.4,34.8,18.5,23.7,33.4,24.8,31.2,34.8,26.6,31.1,32.8,30.2,31.2,34.4,22.7,31.3,31.8,,,,,,,32.2,31.8,31.7,31.8,,,,0.1,1.1,0.4,0.0,0.4
12,KatherineIzquiel,28313431,Femenino,Estudiante,24,20.3,36.3,No,34.8,20.3,26.2,34.3,29.4,33.1,34.3,29.2,32.1,33.5,31.1,32.4,34.8,29.7,32.8,35.8,22.6,27.4,35.6,30.7,34.1,35.4,30.3,33.1,33.9,23.7,32.5,35.8,30.1,33.9,1.1,1.0,1.0,0.1,0.8,20.3,36.3,34.8,20.3,26.2,34.3,29.4,33.1,34.3,29.2,32.1,33.5,31.1,32.4,34.8,29.7,32.8,35.8,22.6,27.4,35.6,30.7,34.1,35.4,30.3,33.1,33.9,23.7,32.5,35.8,30.1,33.9,32.5,31.5,32.3,,,,,33.5,32.9,33.2,,,,,1.1,1.0,1.0,0.1,0.8
13,NaimeMachado,16658477,Masculino,Supervisordeseguridad,42,20.3,36.6,No,33.9,18.7,25.8,33.5,24.8,30.3,33.9,25.6,31.7,33.7,31.2,32.8,33.7,29.8,32.4,34.0,19.9,25.7,33.5,25.9,31.8,33.8,26.1,32.0,34.0,31.1,32.6,33.7,30.3,32.4,0.0,1.5,0.3,0.2,0.5,20.3,36.6,33.9,18.7,25.8,33.5,24.8,30.3,33.9,25.6,31.7,33.7,31.2,32.8,33.7,29.8,32.4,34.0,19.9,25.7,33.5,25.9,31.8,33.8,26.1,32.0,34.0,31.1,32.6,33.7,30.3,32.4,31.7,32.6,33.1,,,,,32.0,32.8,,,,,,0.0,1.5,0.3,0.2,0.5
14,KarenGil,27302568,Femenino,Estudiante,25,20.3,36.4,Si,33.8,18.5,24.8,33.6,26.8,32.0,33.8,26.7,30.5,32.3,27.9,29.9,33.3,27.7,31.5,34.6,19.1,24.4,33.6,20.2,31.4,34.6,27.6,31.1,32.1,26.8,30.1,33.9,26.6,31.8,0.3,0.6,0.6,0.2,0.42,20.3,36.4,33.8,18.5,24.8,33.6,26.8,32.0,33.8,26.7,30.5,32.3,27.9,29.9,33.3,27.7,31.5,34.6,19.1,24.4,33.6,20.2,31.4,34.6,27.6,31.1,32.1,26.8,30.1,33.9,26.6,31.8,32.1,31.4,30.2,,,,,30.8,31.3,,,,,,0.3,0.6,0.6,0.2,0.42
15,ZaimaSojo,6126630,Femenino,Hogar,63,20.3,36.4,No,34.1,18.0,24.4,33.4,23.0,30.4,33.6,25.5,30.5,32.5,28.3,30.3,34.1,30.6,32.7,34.7,19.5,24.9,33.8,20.9,32.1,34.4,25.7,30.9,31.8,28.4,29.7,34.7,29.4,32.9,0.2,1.7,0.4,0.6,0.72,20.3,36.4,34.1,18.0,24.4,33.4,23.0,30.4,33.6,25.5,30.5,32.5,28.3,30.3,34.1,30.6,32.7,34.7,19.5,24.9,33.8,20.9,32.1,34.4,25.7,30.9,31.8,28.4,29.7,34.7,29.4,32.9,,,,,,,,31.7,30.8,29.7,31.4,,,,0.2,1.7,0.4,0.6,0.72
16,Elizabeth	Guzmán,28484211,Femenino,Estudiante,26,20.3,36.4,Si,34.9,18.8,25.4,33.8,27.8,32.5,34.9,28.6,31.6,32.7,29.9,31.4,34.2,30.4,32.9,34.6,19.4,24.3,33.7,24.9,32.1,34.5,26.8,31.4,32.8,29.6,30.9,34.2,21.8,32.6,0.3,0.4,0.2,0.5,0.35,20.3,36.4,34.9,18.8,25.4,33.8,27.8,32.5,34.9,28.6,31.6,32.7,29.9,31.4,34.2,30.4,32.9,34.6,19.4,24.3,33.7,24.9,32.1,34.5,26.8,31.4,32.8,29.6,30.9,34.2,21.8,32.6,31.0,31.6,31.2,,,,,30.8,31.6,31.5,,,,,0.3,0.4,0.2,0.5,0.35
17,GissellGonzález,27222817,Femenino,Estudiante,25,20.3,36.6,Si,34.5,19.1,25.0,34.0,26.9,32.5,34.5,26.5,31.2,32.5,29.6,30.8,34.3,26.9,31.2,34.8,20.0,25.1,33.9,30.6,32.6,34.1,27.0,31.3,32.2,29.4,30.5,34.8,29.9,33.2,2.0,0.1,0.1,0.3,0.62,20.3,36.6,34.5,19.1,25.0,34.0,26.9,32.5,34.5,26.5,31.2,32.5,29.6,30.8,34.3,26.9,31.2,34.8,20.0,25.1,33.9,30.6,32.6,34.1,27.0,31.3,32.2,29.4,30.5,34.8,29.9,33.2,31.5,31.0,,,,,,33.8,,,,,,,2.0,0.1,0.1,0.3,0.62
18,YsabellaRomero,25601299,Femenino,Estudiante,29,20.3,36.4,No,34.2,18.5,25.0,32.9,27.4,31.5,34.2,26.5,30.8,32.1,28.3,30.4,34.1,27.6,31.4,34.2,19.2,24.3,33.1,21.9,30.8,34.0,27.1,30.8,31.0,28.1,29.5,33.9,26.4,31.1,0.3,0.7,0.0,0.9,0.48,20.3,36.4,34.2,18.5,25.0,32.9,27.4,31.5,34.2,26.5,30.8,32.1,28.3,30.4,34.1,27.6,31.4,34.2,19.2,24.3,33.1,21.9,30.8,34.0,27.1,30.8,31.0,28.1,29.5,33.9,26.4,31.1,31.7,30.7,31.4,,,,,29.2,33.3,30.2,30.9,,,,0.3,0.7,0.0,0.9,0.48
19,JudithDiaz,6196436,Femenino,Hogar,58,20.3,36.4,No,33.9,18.0,24.4,33.4,25.8,31.5,33.0,25.8,30.3,31.5,23.0,30.3,33.5,26.8,30.7,33.9,19.1,24.3,33.2,25.3,31.1,33.9,25.8,30.8,32.4,26.5,30.2,33.6,23.7,31.4,0.7,0.4,0.5,0.1,0.43,20.3,36.4,33.9,18.0,24.4,33.4,25.8,31.5,33.0,25.8,30.3,31.5,23.0,30.3,33.5,26.8,30.7,33.9,19.1,24.3,33.2,25.3,31.1,33.9,25.8,30.8,32.4,26.5,30.2,33.6,23.7,31.4,,,,,,,,,,,,,,,0.7,0.4,0.5,0.1,0.43
20,ValeryRincón,31481131,Femenino,Estudiante,20,20.3,36.3,Si,35.1,18.1,24.3,35.1,24.6,32.4,34.5,24.8,30.9,34.4,29.3,31.4,33.7,26.5,31.5,35.2,19.2,24.1,34.8,26.0,32.9,35.2,25.2,31.8,35.2,22.1,33.3,33.5,26.5,31.6,0.1,0.5,0.9,1.9,0.85,20.3,36.3,35.1,18.1,24.3,35.1,24.6,32.4,34.5,24.8,30.9,34.4,29.3,31.4,33.7,26.5,31.5,35.2,19.2,24.1,34.8,26.0,32.9,35.2,25.2,31.8,35.2,22.1,33.3,33.5,26.5,31.6,,,,,,,,,,,,,,,0.1,0.5,0.9,1.9,0.85
21,YubiryOrdoñez,25964074,Femenino,Estudiante,28,20.3,36.6,No,34.4,17.8,24.2,33.1,25.5,31.5,34.4,27.6,31.1,32.1,29.5,30.7,34.1,25.0,32.0,34.0,18.8,23.7,33.0,27.4,31.4,34.0,23.4,30.6,32.2,26.0,30.8,34.0,23.7,30.2,1.8,0.1,0.5,0.1,0.63,20.3,36.6,34.4,17.8,24.2,33.1,25.5,31.5,34.4,27.6,31.1,32.1,29.5,30.7,34.1,25.0,32.0,34.0,18.8,23.7,33.0,27.4,31.4,34.0,23.4,30.6,32.2,26.0,30.8,34.0,23.7,30.2,31.6,31.0,32.8,,,,,32.2,,,,,,,1.8,0.1,0.5,0.1,0.63
22,JosephOrnelas,29565607,Masculino,Estudiante,23,20.3,36.7,No,34.1,17.1,25.0,33.3,25.4,31.8,34.1,25.4,31.5,33.4,30.9,31.9,33.7,29.3,32.0,34.5,19.0,24.4,33.4,26.3,32.1,34.5,25.6,31.6,33.3,31.0,32.3,33.5,28.3,31.9,0.1,0.3,0.1,0.4,0.22,20.3,36.7,34.1,17.1,25.0,33.3,25.4,31.8,34.1,25.4,31.5,33.4,30.9,31.9,33.7,29.3,32.0,34.5,19.0,24.4,33.4,26.3,32.1,34.5,25.6,31.6,33.3,31.0,32.3,33.5,28.3,31.9,31.8,31.9,32.6,,,,,32.1,32.6,,,,,,0.1,0.3,0.1,0.4,0.22
23,PatriciaFigueira,25891941,Femenino,Estudiante,28,20.3,37.4,No,34.7,17.7,24.6,34.1,23.0,32.3,34.7,26.5,31.3,33.2,29.7,31.4,33.6,26.4,31.7,34.1,19.2,24.2,33.6,29.1,32.1,34.1,26.1,31.0,32.3,28.9,30.7,33.5,27.5,31.5,0.2,0.2,0.3,0.7,0.35,20.3,37.4,34.7,17.7,24.6,34.1,23.0,32.3,34.7,26.5,31.3,33.2,29.7,31.4,33.6,26.4,31.7,34.1,19.2,24.2,33.6,29.1,32.1,34.1,26.1,31.0,32.3,28.9,30.7,33.5,27.5,31.5,32.1,32.4,32.6,31.1,33.4,,,32.8,31.8,32.0,30.4,30.7,,,0.2,0.2,0.3,0.7,0.35
24,KennyRengifo,19512352,Masculino,Estudiante,34,20.3,36.3,No,17.8,24.6,30.3,32.2,26.8,31.0,33.8,25.2,30.5,31.2,26.8,29.7,32.9,28.6,31.3,33.9,19.2,24.5,32.9,26.4,31.2,33.9,25.0,30.8,32.4,27.5,30.2,33.0,28.9,31.5,0.2,0.2,0.3,0.5,0.3,20.3,36.3,17.8,24.6,30.3,32.2,26.8,31.0,33.8,25.2,30.5,31.2,26.8,29.7,32.9,28.6,31.3,33.9,19.2,24.5,32.9,26.4,31.2,33.9,25.0,30.8,32.4,27.5,30.2,33.0,28.9,31.5,,,,,,,,,,,,,,,0.2,0.2,0.3,0.5,0.3
25,OracioHernández,26952826,Masculino,Odóntologo,30,20.3,36.4,No,34.4,17.5,24.9,33.4,25.2,31.4,34.4,24.9,31.1,32.5,28.7,30.5,33.7,27.2,32.2,34.5,19.0,24.5,33.8,27.1,32.0,34.5,24.4,30.9,33.2,25.2,30.9,33.9,29.5,32.4,0.2,0.6,0.2,0.4,0.35,20.3,36.4,34.4,17.5,24.9,33.4,25.2,31.4,34.4,24.9,31.1,32.5,28.7,30.5,33.7,27.2,32.2,34.5,19.0,24.5,33.8,27.1,32.0,34.5,24.4,30.9,33.2,25.2,30.9,33.9,29.5,32.4,,,,,,,,30.8,,,,,,,0.2,0.6,0.2,0.4,0.35
26,BarbaraAranguren,14018840,Femenino,Odontólogo,49,20.3,36.5,No,34.5,17.9,24.8,33.4,27.4,31.4,34.5,27.1,31.0,32.3,29.8,31.1,33.7,28.8,31.7,34.3,19.1,24.9,33.3,26.4,30.7,34.1,27.5,31.3,32.1,29.6,30.9,34.3,30.2,32.9,1.2,0.7,0.3,0.2,0.6,20.3,36.5,34.5,17.9,24.8,33.4,27.4,31.4,34.5,27.1,31.0,32.3,29.8,31.1,33.7,28.8,31.7,34.3,19.1,24.9,33.3,26.4,30.7,34.1,27.5,31.3,32.1,29.6,30.9,34.3,30.2,32.9,,,,,,,,,,,,,,,1.2,0.7,0.3,0.2,0.6
27,arlosHernandez,32056804,Masculino,Estudiante,18,20.3,36.4,No,34.4,17.9,25.0,34.3,25.7,31.5,34.4,25.8,31.9,34.2,31.5,32.8,33.9,23.0,29.5,34.3,19.3,24.7,33.8,25.3,31.7,33.9,26.4,31.7,33.1,30.0,31.3,34.1,25.6,31.4,1.9,0.2,0.2,1.5,0.95,20.3,36.4,34.4,17.9,25.0,34.3,25.7,31.5,34.4,25.8,31.9,34.2,31.5,32.8,33.9,23.0,29.5,34.3,19.3,24.7,33.8,25.3,31.7,33.9,26.4,31.7,33.1,30.0,31.3,34.1,25.6,31.4,,,,,,,,,,,,,,,1.9,0.2,0.2,1.5,0.95
28,Gerardoeglia,32356725,Masculino,Estudiante,18,20.3,37.0,No,34.4,17.9,24.8,33.3,25.6,31.7,34.4,24.2,30.4,32.7,29.2,31.0,33.7,19.7,30.3,34.8,19.4,24.9,33.8,26.5,32.1,34.8,29.0,32.0,32.7,29.7,31.3,34.3,22.0,30.4,0.1,0.4,1.6,0.3,0.6,20.3,37.0,34.4,17.9,24.8,33.3,25.6,31.7,34.4,24.2,30.4,32.7,29.2,31.0,33.7,19.7,30.3,34.8,19.4,24.9,33.8,26.5,32.1,34.8,29.0,32.0,32.7,29.7,31.3,34.3,22.0,30.4,,,,,,,,31.5,33.0,31.6,,,,,0.1,0.4,1.6,0.3,0.6
29,MiguelSiebe,27995838,Masculino,Estudiante,25,20.3,36.6,No,35.0,17.6,25.8,34.2,26.1,31.9,35.0,25.7,31.6,33.8,31.2,32.1,34.4,32.2,33.6,35.2,19.1,26.3,33.5,25.5,32.0,35.2,25.2,32.2,33.6,31.4,32.3,34.2,31.2,32.9,0.7,0.1,0.6,0.2,0.4,20.3,36.6,35.0,17.6,25.8,34.2,26.1,31.9,35.0,25.7,31.6,33.8,31.2,32.1,34.4,32.2,33.6,35.2,19.1,26.3,33.5,25.5,32.0,35.2,25.2,32.2,33.6,31.4,32.3,34.2,31.2,32.9,,,,,,,,,,,,,,,0.7,0.1,0.6,0.2,0.4
30,KarinaRodriguez,29508366,Femenino,Estudiante,27,20.3,36.8,No,33.4,17.1,23.0,32.1,21.6,28.7,33.4,21.8,28.3,31.1,27.1,28.4,33.2,21.3,28.8,34.0,18.8,23.9,33.7,21.9,31.2,34.0,25.2,29.9,31.4,28.0,29.5,34.0,24.4,30.4,1.6,2.5,1.6,1.1,1.7,20.3,36.8,33.4,17.1,23.0,32.1,21.6,28.7,33.4,21.8,28.3,31.1,27.1,28.4,33.2,21.3,28.8,34.0,18.8,23.9,33.7,21.9,31.2,34.0,25.2,29.9,31.4,28.0,29.5,34.0,24.4,30.4,28.3,28.2,,,,,,29.4,,,,,,,1.6,2.5,1.6,1.1,1.7
31,JoséRodriguez,14018840,Masculino,Vendedor,48,20.3,36.5,No,35.3,18.0,25.5,33.8,26.5,32.1,35.3,25.9,32.1,33.8,31.6,32.7,34.8,31.5,33.3,35.1,19.1,25.3,33.8,26.4,32.1,35.1,26.0,31.8,33.7,31.1,32.6,34.5,31.4,33.1,0.2,0.0,0.3,0.1,0.15,20.3,36.5,35.3,18.0,25.5,33.8,26.5,32.1,35.3,25.9,32.1,33.8,31.6,32.7,34.8,31.5,33.3,35.1,19.1,25.3,33.8,26.4,32.1,35.1,26.0,31.8,33.7,31.1,32.6,34.5,31.4,33.1,,,,,,,,,,,,,,,0.2,0.0,0.3,0.1,0.15
32,VictoriaRincon,27820792,Femenino,Estudiante,25,20.3,36.5,No,35.6,26.4,24.6,34.5,25.3,31.6,35.6,25.3,31.3,32.9,29.8,31.1,34.1,29.0,32.3,35.0,18.8,24.9,34.6,29.1,32.4,35.0,24.1,31.2,32.8,29.8,31.3,34.1,29.5,32.9,0.6,0.8,0.1,0.2,0.42,20.3,36.5,35.6,26.4,24.6,34.5,25.3,31.6,35.6,25.3,31.3,32.9,29.8,31.1,34.1,29.0,32.3,35.0,18.8,24.9,34.6,29.1,32.4,35.0,24.1,31.2,32.8,29.8,31.3,34.1,29.5,32.9,,,,,,,,,,,,,,,0.6,0.8,0.1,0.2,0.42
33,BeatrizPacheco,14934351,Femenino,Administradora,44,20.3,36.4,Si,34.9,18.2,24.8,34.1,25.0,31.0,34.9,27.8,31.4,32.6,30.4,31.6,34.4,24.1,30.0,35.4,19.3,24.6,33.6,24.5,30.6,35.4,27.5,31.8,33.0,20.8,31.4,34.3,25.5,31.7,1.7,0.4,0.4,0.2,0.68,20.3,36.4,34.9,18.2,24.8,34.1,25.0,31.0,34.9,27.8,31.4,32.6,30.4,31.6,34.4,24.1,30.0,35.4,19.3,24.6,33.6,24.5,30.6,35.4,27.5,31.8,33.0,20.8,31.4,34.3,25.5,31.7,32.0,30.9,,,,,,33.1,33.0,,,,,,1.7,0.4,0.4,0.2,0.68
34,Hilaryearpio,32264448,Femenino,Estudiante,18,20.3,36.5,Si,35.5,18.7,26.0,34.1,27.5,32.3,35.2,27.9,31.6,32.3,29.8,31.0,34.6,27.1,32.2,35.3,20.2,25.2,34.2,27.8,32.7,35.3,26.4,31.8,32.9,28.2,31.3,34.3,23.6,31.8,0.4,0.4,0.2,0.3,0.32,20.3,36.5,35.5,18.7,26.0,34.1,27.5,32.3,35.2,27.9,31.6,32.3,29.8,31.0,34.6,27.1,32.2,35.3,20.2,25.2,34.2,27.8,32.7,35.3,26.4,31.8,32.9,28.2,31.3,34.3,23.6,31.8,32.7,31.5,31.7,31.1,,,,30.7,,,,,,,0.4,0.4,0.2,0.3,0.32
35,EskelRosales,11033844,Femenino,osturera,54,20.3,36.4,No,34.9,17.9,24.6,33.0,25.8,30.9,34.9,25.5,30.0,31.4,27.8,30.2,33.1,24.6,29.5,34.7,19.3,24.5,33.1,26.8,31.2,34.7,26.7,30.2,31.6,23.6,30.5,32.8,25.5,30.2,0.7,0.3,0.2,0.3,0.38,20.3,36.4,34.9,17.9,24.6,33.0,25.8,30.9,34.9,25.5,30.0,31.4,27.8,30.2,33.1,24.6,29.5,34.7,19.3,24.5,33.1,26.8,31.2,34.7,26.7,30.2,31.6,23.6,30.5,32.8,25.5,30.2,,,,,,,,,,,,,,,0.7,0.3,0.2,0.3,0.38
36,VidaldeJesusVillegas,8768369,Masculino,Abogado,60,20.3,36.2,No,35.1,18.2,25.7,34.5,26.9,32.0,35.1,26.1,31.2,34.1,30.6,31.9,34.0,30.2,32.6,35.2,19.4,26.0,35.2,27.5,32.6,34.3,29.6,32.2,33.4,30.7,32.2,34.0,31.6,32.7,0.1,0.6,1.0,0.3,0.5,20.3,36.2,35.1,18.2,25.7,34.5,26.9,32.0,35.1,26.1,31.2,34.1,30.6,31.9,34.0,30.2,32.6,35.2,19.4,26.0,35.2,27.5,32.6,34.3,29.6,32.2,33.4,30.7,32.2,34.0,31.6,32.7,,,,,,,,,,,,,,,0.1,0.6,1.0,0.3,0.5
37,RosannyHuaylinos,28308688,Femenino,Estudiante,24,20.3,36.7,No,35.8,19.0,26.1,34.7,27.1,32.6,35.8,27.7,32.5,34.9,31.7,33.0,35.4,30.3,33.4,34.5,19.6,24.4,34.1,26.4,32.3,34.5,26.4,31.4,32.5,29.4,31.1,34.3,22.4,32.5,0.9,0.3,1.1,1.9,1.05,20.3,36.7,35.8,19.0,26.1,34.7,27.1,32.6,35.8,27.7,32.5,34.9,31.7,33.0,35.4,30.3,33.4,34.5,19.6,24.4,34.1,26.4,32.3,34.5,26.4,31.4,32.5,29.4,31.1,34.3,22.4,32.5,33.6,33.7,33.3,33.0,,,,33.3,32.8,32.3,,,,,0.9,0.3,1.1,1.9,1.05
38,Nataliaoronado,11070858,Femenino,ontadorpublico,53,20.3,36.4,Si,37.5,11.6,26.2,34.5,27.7,32.8,35.6,29.1,33.1,34.0,30.5,32.1,35.2,29.3,33.6,35.9,19.7,24.4,34.6,24.7,32.3,35.9,26.8,32.0,33.2,30.4,31.9,34.5,24.8,30.9,2.7,0.5,1.1,0.2,1.13,20.3,36.4,37.5,11.6,26.2,34.5,27.7,32.8,35.6,29.1,33.1,34.0,30.5,32.1,35.2,29.3,33.6,35.9,19.7,24.4,34.6,24.7,32.3,35.9,26.8,32.0,33.2,30.4,31.9,34.5,24.8,30.9,,,,,,,,,,,,,,,2.7,0.5,1.1,0.2,1.13
39,RuthRodriguez,28076462,Femenino,Estudiante,24,20.3,36.6,No,34.1,15.5,24.2,33.1,22.7,31.6,33.4,25.0,30.3,32.1,29.1,30.7,33.8,27.0,31.2,35.0,19.7,24.8,33.7,24.8,31.0,35.0,25.5,31.3,33.4,20.6,31.5,34.3,27.5,31.6,0.4,0.6,1.0,0.8,0.7,20.3,36.6,34.1,15.5,24.2,33.1,22.7,31.6,33.4,25.0,30.3,32.1,29.1,30.7,33.8,27.0,31.2,35.0,19.7,24.8,33.7,24.8,31.0,35.0,25.5,31.3,33.4,20.6,31.5,34.3,27.5,31.6,30.4,31.2,,,,,,31.7,31.3,32.3,,,,,0.4,0.6,1.0,0.8,0.7
40,ScarletBogadi,27798568,Femenino,Estudiante,25,20.3,36.5,No,35.9,18.9,24.7,35.1,23.6,31.6,35.9,25.4,31.5,33.8,29.9,31.8,34.6,25.7,29.3,34.7,19.9,24.5,34.5,24.4,31.0,34.7,26.8,31.8,33.2,30.0,31.6,34.5,26.0,30.6,1.3,0.6,0.3,0.2,0.6,20.3,36.5,35.9,18.9,24.7,35.1,23.6,31.6,35.9,25.4,31.5,33.8,29.9,31.8,34.6,25.7,29.3,34.7,19.9,24.5,34.5,24.4,31.0,34.7,26.8,31.8,33.2,30.0,31.6,34.5,26.0,30.6,,,,,,,,24.5,,,,,,,1.3,0.6,0.3,0.2,0.6
41,GregoriParedes,26473931,Masculino,Estudiante,27,20.3,36.5,No,35.0,17.9,25.5,34.1,28.0,32.8,35.0,25.0,31.4,33.9,20.1,31.9,34.3,26.8,33.2,35.3,19.5,26.1,34.5,28.7,33.0,35.3,27.0,32.1,34.3,30.7,32.4,34.4,31.5,33.3,0.1,0.2,0.7,0.5,0.38,20.3,36.5,35.0,17.9,25.5,34.1,28.0,32.8,35.0,25.0,31.4,33.9,20.1,31.9,34.3,26.8,33.2,35.3,19.5,26.1,34.5,28.7,33.0,35.3,27.0,32.1,34.3,30.7,32.4,34.4,31.5,33.3,32.1,,,,,,,33.2,,,,,,,0.1,0.2,0.7,0.5,0.38
42,MichelleVillalobos,27693162,Femenino,Estudiante,25,20.3,36.8,No,35.6,18.7,25.2,35.4,27.4,33.7,35.6,26.6,32.1,33.4,30.9,32.3,34.4,28.2,32.1,35.7,20.3,26.0,35.5,23.3,33.8,35.0,28.1,32.6,34.8,31.6,33.1,34.9,29.1,33.2,1.1,0.1,0.5,0.8,0.62,20.3,36.8,35.6,18.7,25.2,35.4,27.4,33.7,35.6,26.6,32.1,33.4,30.9,32.3,34.4,28.2,32.1,35.7,20.3,26.0,35.5,23.3,33.8,35.0,28.1,32.6,34.8,31.6,33.1,34.9,29.1,33.2,,,,,,,,32.1,32.2,34.2,,,,,1.1,0.1,0.5,0.8,0.62
43,GlorymarGimenez,28327389,Femenino,Estudiante,23,20.3,36.8,No,35.4,18.9,25.5,34.8,29.6,33.2,35.4,28.1,32.4,34.0,21.4,32.0,35.2,28.4,33.5,36.0,19.7,25.3,34.8,29.7,33.2,36.0,28.8,32.7,33.3,30.5,31.8,35.5,28.6,33.2,0.3,0.0,0.3,0.2,0.2,20.3,36.8,35.4,18.9,25.5,34.8,29.6,33.2,35.4,28.1,32.4,34.0,21.4,32.0,35.2,28.4,33.5,36.0,19.7,25.3,34.8,29.7,33.2,36.0,28.8,32.7,33.3,30.5,31.8,35.5,28.6,33.2,33.5,33.5,32.1,31.9,,,,,,,,,,,0.3,0.0,0.3,0.2,0.2
