numero de muestra,Marca temporal,Fecha,Nombre,Apellido,Edad,Sexo,Cédula ,Temperatura corporal (en grados celsius),ATM ANTERIOR DERECHA [Dolor],ATM ANTERIOR DERECHA [No ],ATM ANTERIOR IZQUIERDA [Dolor],ATM ANTERIOR IZQUIERDA [No ],ATM POSTERIOR DERECHA [Dolor],ATM POSTERIOR DERECHA [Si],ATM POSTERIOR IZQUIERDA [Dolor SI],ATM POSTERIOR IZQUIERDA [No ],Click,Salto,Crepitacion,Arenilla,ESTERNOCLEIDOMASTOIDEO DERECHA [Dolor],ESTERNOCLEIDOMASTOIDEO DERECHA [Si ],ESTERNOCLEIDOMASTOIDEO DERECHA [No ],ESTERNOCLEIDOMASTOIDEO IZQUIERDA [Dolor],ESTERNOCLEIDOMASTOIDEO IZQUIERDA [Si ],ESTERNOCLEIDOMASTOIDEO IZQUIERDA [No ],DIGASTRICO DERECHO [Dolor],DIGASTRICO DERECHO [Si ],DIGASTRICO DERECHO [No ],DIGASTRICO IZQUIERDO [Dolor],DIGASTRICO IZQUIERDO [Si ],DIGASTRICO IZQUIERDO [No ],TEMPORAL DERECHO [Dolor],TEMPORAL DERECHO [Si ],TEMPORAL DERECHO [No ],TEMPORAL IZQUIERDO [Dolor],TEMPORAL IZQUIERDO [Si ],TEMPORAL IZQUIERDO [No ],MASETERO DERECHO [Dolor],MASETERO DERECHO [Si ],MASETERO DERECHO [No ],MASETERO IZQUIERDO [Dolor],MASETERO IZQUIERDO [Si ],MASETERO IZQUIERDO [No ],PTERIGOIDEO MEDIAL DERECHO [Dolor],PTERIGOIDEO MEDIAL DERECHO [Si ],PTERIGOIDEO MEDIAL DERECHO [No ],PTERIGOIDEO MEDIAL IZQUIERDO [Dolor],PTERIGOIDEO MEDIAL IZQUIERDO [Si ],PTERIGOIDEO MEDIAL IZQUIERDO [No ],PTERIGOIDEO  LATERAL DERECHO [Dolor],PTERIGOIDEO  LATERAL DERECHO [Si ],PTERIGOIDEO  LATERAL DERECHO [No ],PTERIGOIDEO  LATERAL IZQUIERDO [Dolor],PTERIGOIDEO  LATERAL IZQUIERDO [Si ],PTERIGOIDEO  LATERAL IZQUIERDO [No ],Agregue la foto del diagrama,ATM ANTERIOR DERECHA [Si],ATM ANTERIOR IZQUIERDA [Si],ATM POSTERIOR IZQUIERDA [Si],ATM POSTERIOR DERECHA [No],ATM ANTERIOR DERECHA [Fila 3]
1,3/3/2026 16:42:43,26/2/2026,Jadassa,Perez,20,Femenino,30700340,36.5,,No,,,,No,,No,"No, ninguno",Si (solo derecha),"No, ninguno","No, ninguno",,,No,,,No,,,No,,,No,,,No,,,No,,,No,,,No,7,Grado del dolor,,10,Grado del dolor,,7,Grado del dolor,,5,Grado del dolor,,https://drive.google.com/open?id=1DiXHPFmcWEfdduvyiM7I5Mrpq_MF2we-,,,,,
2,3/3/2026 16:50:09,26/2/2026,Atilio ,Batista ,68,Masculino,9014891,36.8,,No,,No,,No,,No,"No, ninguno",Si (solo derecha),"No, ninguno","No, ninguno",,,No,,,No,,,No,,,No,,,No,,,No,1 (R4P1),1,,1 (R4P1),1,,10,10,,10,10,,10,,,10,10,,https://drive.google.com/open?id=1-pg-zKnd8MxQkQkGhzhHMY9mVX-l8Qgi,,,,,
3,3/3/2026 16:47:33,26/2/2026,Adrian ,Flores ,23,Masculino,29557033,37.4,,,,,,,,,"No, ninguno",Ambos lados,Ambos lados,"No, ninguno",,,No,5 (R2P1),,,,,No,,,No,,4,,,,No,3 (R4P1),3,,,,No,8,8,,8,8,,9,,,10,Grado del dolor,,https://drive.google.com/open?id=1_z7OnJLd7nv0JWkO9sy37cxUULwGloHf,,,,,
4,26/2/2026 23:51:17,26/2/2026,Valeria ,Liendo,26,Femenino,26952833,"36,3",,No,,,,No,,No,"No, ninguno",Si (solo derecha),Ambos lados,"No, ninguno",5 (R2P2),,,6 (R2P1),,,,,No,,,No,,,,,Grado del dolor,,7 (R3P1),Grado del dolor,,,,No,,,No,,,No,8,Grado del dolor,,8,Grado del dolor,,https://drive.google.com/open?id=1AAsRc-MDyK2wmvXuLzNIqqgT8JEPgnZR,,,,,
5,4/3/2026 22:15:37,26/2/2026,Edixo,Rincon,47,Masculino,13609569,"36,5",,No,,No,,,,No,"No, ninguno","No, ninguno","No, ninguno","No, ninguno",,,No,,,No,,,No,,,No,,,No,,,No,,,No,,,No,,,No,,,No,3,Grado del dolor,,3,Grado del dolor,,https://drive.google.com/open?id=1r6meTuMG6mfJzIIVHxK6YUhgGDkBoE-q,,,,No,
6,4/3/2026 21:43:15,26/2/2026,Ligia ,Naranjo,55,femenino,10496095,"36,3",,,,No,,,,No,"No, ninguno",Si (solo derecha),"No, ninguno","No, ninguno",,,No,,,No,,,No,,,No,,,No,,,No,3 (R3P1),,,,,No,,,No,2,,,4,,,3,,,https://drive.google.com/open?id=17LfeNQWbubHohYinYNvLD5zA-5wth-L0,3 (R3P2),,,No,
7,26/2/2026 23:42:02,26/2/2026,Rosaura ,Sanabria,78,Femenino,3721720,"36,5",,No,,No,,No,,No,"No, ninguno",Si (solo derecha),"No, ninguno","No, ninguno",,,No,,,No,,,No,,,No,,,No,,,No,,,No,,,No,,,No,,,No,5,Grado del dolor,,5,Grado del dolor,,https://drive.google.com/open?id=16aeGnyXrok2mybKJ26J2MDUEnhf2Y8-C,,,,,
8,26/2/2026 23:46:47,26/2/2026,Grey,De la Peña,60,Femenino,24524633,"36,5",,,8 (R3P2),,,No,5 (R3P1),,"No, ninguno",Si (solo izquierda),Si (solo izquierda),"No, ninguno",5 (R2P2),,,8 (R2P4),,,,,No,,,No,,,No,5 (R1P3),Grado del dolor,,8 (R4P3) (R3P1),Grado del dolor,,10 (R3P5P6),Grado del dolor,,5,Grado del dolor,,7,Grado del dolor,,8,Grado del dolor,,8,Grado del dolor,,https://drive.google.com/open?id=1lGG8d6IHMlGHo59DbnjOZaFR61V3aQx9,,,,,
9,26/2/2026 23:51:36,26/2/2026,Gabriel,Cabrera,24,Masculino,30145371,"36,8",,No,,No,,No,,No,Si (solo izquierda),Si (solo izquierda),"No, ninguno","No, ninguno",,,No,,,No,,,No,,,No,,,No,,,No,1 (R3P1),Grado del dolor,,,,No,,,No,2,Grado del dolor,,3,Grado del dolor,,3,Grado del dolor,,https://drive.google.com/open?id=1n9cqnrpEQXyhTNz6n6fmMC5ljqcMuqpu,,,,,
10,27/2/2026 0:01:00,26/2/2026,Yajaira ,Alvarez,74,Femenino,4074373,36.3,9 (R3P6),,9 (R3P3),,8 (R3P2),,7 (R3P4),,Ambos lados,Si (solo derecha),Ambos lados,"No, ninguno",8 (R2P4P5),,,9 (R2P6P7),,,,,No,,,No,7 (R1P7),Grado del dolor,,7 (R1P1),Grado del dolor,,9 (R3P1P3),Grado del dolor,,7 (R3P2P5),Grado del dolor,,7,Grado del dolor,,7,Grado del dolor,,9,Grado del dolor,,8,Grado del dolor,,https://drive.google.com/open?id=1Uh4bhk3pQ7Vt1KCQfEWdgalGlOCJaKQO,,,,,
11,26/2/2026 22:17:04,26/2/2026,Aranayed ,Andrade ,31,Femenino,22900125,36.9,,No,2 (R3P2),,,No,3 (R3P1),,"No, ninguno","No, ninguno","No, ninguno",Si (solo izquierda),,,No,,,No,,,No,,,No,,,No,,Grado del dolor,,4 (R4P1),Grado del dolor,,6 (R2P3P4),Grado del dolor,,1,Grado del dolor,,4,Grado del dolor,,9,Grado del dolor,,10,Grado del dolor,,https://drive.google.com/open?id=1ptXu3WfJIVwdThFivMJJxdSM7ocfQVhH,,,,,
12,26/2/2026 22:20:08,26/2/2026,Katherine ,Izquiel ,24,Femenino,28313431,36.3,3 (R3P3),,5 (R3P1),,,No,4 (R3P2),,"No, ninguno","No, ninguno","No, ninguno","No, ninguno",,,No,,,No,,,No,,,No,,,No,,,No,4 (R2P1P2),Grado del dolor,,4 (R4P3),Grado del dolor,,5,Grado del dolor,,3,Grado del dolor,,6,Grado del dolor,,7,Grado del dolor,,https://drive.google.com/open?id=177ok_umWL91KGwgne7pn2qFjrlt4MOiN,,,,,
13,28/2/2026 16:50:01,27/2/2026,Naime ,Machado,42,Masculino,16658477,"36,6",,No,,No,,No,2 (R3P1),,"No, ninguno","No, ninguno","No, ninguno","No, ninguno",,,No,,,No,,,No,,,No,,,No,,,No,3 (R3P1) (R4P2P3),Grado del dolor,,6 (R3P2),Grado del dolor,,,,No,1,Grado del dolor,,8,Grado del dolor,,8,Grado del dolor,,https://drive.google.com/open?id=17BmnH5QT0As4qkwJTd4l5kF1ekSBnZlM,,,,,
14,28/2/2026 17:01:26,27/2/2026,Karen,Gil ,25,Femenino,27302568,"36,4",,No,8 (R3P2),,6 (R3P1),,,No,Si (solo derecha),Si (solo derecha),"No, ninguno","No, ninguno",,,No,,,No,,,No,,,No,5 (R1P2),Grado del dolor,,,,No,8 (R3P3),Grado del dolor,,5 (R4P2),Grado del dolor,,9,Grado del dolor,,6,Grado del dolor,,10,Grado del dolor,,8,Grado del dolor,,https://drive.google.com/open?id=1YdG5AGoJ5X7qfttDSa_yXlrP93NzaU_r,,,,,
15,28/2/2026 17:09:38,27/2/2026,Zaima,Sojo,63,Femenino,6126630,"36,4",,No,8 (R3P2),,,No,5 (R3P1),,"No, ninguno","No, ninguno","No, ninguno","No, ninguno",,,No,,,No,,,No,,,No,,,No,,,No,,,No,6 (R3P3) (R4P4),Grado del dolor,,,,No,1,Grado del dolor,,9,Grado del dolor,,,,No,https://drive.google.com/open?id=1zMvU7CLwFU6ud5jb5B8fri3Pjv9UC6Zj,,,,,
16,28/2/2026 17:35:58,27/2/2026,Elizabeth ,Guzmán ,26,Femenino,28484277,"36,4",,No,2 (R3P2),,,No,4 (R3P3),,"No, ninguno",Si (solo izquierda),Si (solo izquierda),"No, ninguno",,,No,,,No,,,No,,,No,,,No,,,No,6 (R3P1) (R4P2P3),Grado del dolor,,8 (R4P1),Grado del dolor,,,,No,10,Grado del dolor,No,8,Grado del dolor,,,,No,https://drive.google.com/open?id=18YhbtOoY6Y9BP5laLT_0C8HnXtedsKwY,,,,,
17,28/2/2026 17:41:40,27/2/2026,Gissell ,Gonzalez ,25,Femenino,27222817,"36,6",6 (R3P1),,,No,6 (R3P2),,,No,"No, ninguno",Si (solo izquierda),"No, ninguno","No, ninguno",,,No,,,No,,,No,,,No,,,No,8 (R1P1),Grado del dolor,,,,No,,,No,2,Grado del dolor,,2,Grado del dolor,,3,Grado del dolor,,4,Grado del dolor,,https://drive.google.com/open?id=1TxFCoSLbubcbS8bAF3PMTce5clwPj2Cd,,,,,
18,3/3/2026 17:07:31,27/2/2026,Ysabella,Romero,29,Femenino,25601299,"36,4",,No,,No,,No,5 (R3P4),,"No, ninguno","No, ninguno","No, ninguno","No, ninguno",,,No,,,No,,,No,,,No,4 (R1P1),Grado del dolor,,4 (R1P2),Grado del dolor,,8 (R4P2P3),Grado del dolor,,8 R4P3P1),Grado del dolor,,3,Grado del dolor,,3,Grado del dolor,,8,Grado del dolor,,10,Grado del dolor,,https://drive.google.com/open?id=1ti-RiJqYeCtIOpgMcAUDdG1Zl8t6Dqw-,,,,,
19,3/3/2026 17:09:44,27/2/2026,Judith,Diaz,58,Femenino,6196436,"36,4",,No,,No,,No,,No,"No, ninguno","No, ninguno",Si (solo derecha),"No, ninguno",,,No,,,No,,,No,,,No,,,No,,,No,,,No,,,No,2,Grado del dolor,,,,No,,,No,,,No,https://drive.google.com/open?id=1MPWQfrvkg-5l-k1HHibRxQXSDtZaU8bZ,,,,,
20,3/3/2026 17:11:58,27/2/2026,Valery,Rincon,20,Femenino,31481131,"36,3",,No,,No,,No,,No,Si (solo derecha),Si (solo derecha),"No, ninguno","No, ninguno",,,No,,,No,,,No,,,No,,,No,,,No,,,No,,,No,,,No,,,No,1,Grado del dolor,,,,No,https://drive.google.com/open?id=1EeqMwm2PsUVeSvtE8qplmiAE5KQUh2Pa,,,,,
21,3/3/2026 17:14:16,27/2/2026,Yubiry,Ordóñez ,28,Femenino,25964074,"36,6",,No,6 (R3P1),,4 (R3P3),,,No,"No, ninguno","No, ninguno","No, ninguno","No, ninguno",,,No,,,No,,,No,,,No,,,No,,,No,8 (R3P1) (R4P2),Grado del dolor,,,,No,,,No,,,No,,,No,4,Grado del dolor,,https://drive.google.com/open?id=1uNtTyQMwFfX1rWdKYgXWjD6I-_5LUtFK,,,,,
22,28/2/2026 11:46:05,27/2/2026,Joseph,Ornelas,23,Masculino,29565607,36.7,,No,,No,5 (R3P2),,3 (R3P1),,Si (solo derecha),Si (solo derecha),"No, ninguno",Si (solo derecha),3 (R2P3),,,,,No,,,No,,,No,6 (R1P1),Grado del dolor,,,,No,,,No,2 (R4P2),Grado del dolor,,6,Grado del dolor,,7,Grado del dolor,,4,Grado del dolor,,8,Grado del dolor,,https://drive.google.com/open?id=1v0Oh8xrD4P7Rlx-IQtkjJk--dHQjqr8v,,,,,
23,28/2/2026 11:43:08,27/2/2026,Patricia ,Figueira ,28,Femenino,25891941,37.4,3 (R3P3),,3 (R3P2),,6 (R3P1),,6 (R3P1),,Si (solo izquierda),Si (solo izquierda),"No, ninguno","No, ninguno",4 (R2P5),,,,,No,,,No,,,No,4 (R1P2),Grado del dolor,,4 (R1P3),Grado del dolor,,6 (R3P4),Grado del dolor,,7 (R3P4) (R4P5),Grado del dolor,,4,Grado del dolor,,,,,7,Grado del dolor,,8,Grado del dolor,,https://drive.google.com/open?id=1FsklFEfoIiiiVLdNM3Jtd3wOox9aTo1I,,,,,
24,4/3/2026 20:28:35,27/2/2026,Kenny,Rengifo,34,Masculino,19512352,36.3,,,,No,,,,,"No, ninguno",Si (solo derecha),"No, ninguno","No, ninguno",,,No,,,No,,,No,,,No,,,No,,,No,2 (R3P1),2,,,,No,2,2,,,,No,3,3,,3,3,,https://drive.google.com/open?id=1xzuRB29UZgLqphkperOb-qrOFguP0m1z,No,,,No,
25,4/3/2026 20:18:10,27/2/2026,Oracio,Hernández ,30,Masculino,26952826,"36,4",,No,,,,,,,"No, ninguno","No, ninguno","No, ninguno","No, ninguno",,,No,,,No,,,No,,,No,,,No,,,No,,,No,,,No,,,No,,,No,,,No,,,No,https://drive.google.com/open?id=13TpnYGb3QbNbnm9IFWkca8qhYDYr5F0a,,,2 (R3P1),No,
26,4/3/2026 20:05:46,27/2/2026,Barbara,Aranguren,49,femenino,14018840,"36,5",,No,,No,,,,No,"No, ninguno",Si (solo derecha),"No, ninguno","No, ninguno",,,No,,,No,,,No,,,No,,,No,,,No,,,No,,,No,,,No,,,No,6,6,No,6,6,,https://drive.google.com/open?id=1yBwA2cO2vnz7na0sdYIpek-XZM17ddmn,,,,No,
27,4/3/2026 20:37:13,27/2/2026,Carlos ,Hernandez ,18,Masculino,32056804,"36,4",,,,No,,,,No,"No, ninguno","No, ninguno","No, ninguno",Ambos lados,,,No,,,No,,,No,,,No,,,No,,,No,,,No,,,No,2,Grado del dolor,,2,Grado del dolor,,3,Grado del dolor,,3,3,,https://drive.google.com/open?id=1P70nq7Pl2Hd1p2FbKXwecbnqZCHCs11R,No,,,No,
29,4/3/2026 21:05:18,27/2/2026,Miguel,Siebe,25,Masculino,27995838,"36,6",,No,,No,,,,No,Si (solo derecha),"No, ninguno","No, ninguno","No, ninguno",,,No,,,No,,,No,,,No,,,No,,,No,,,No,,,No,,,No,,,No,5,Grado del dolor,,2,Grado del dolor,,https://drive.google.com/open?id=1Zo6QmHMQPbYsDckETZfYJlMImDcx8jgZ,,,,No,
30,4/3/2026 20:49:55,27/2/2026,Karina,Rodríguez ,27,femenino,29508366,"36,8",,No,,No,,,,,Si (solo izquierda),"No, ninguno","No, ninguno","No, ninguno",,,No,,,No,,,No,,,No,,,No,,,No,4 (R3P1),Grado del dolor,,6 (R3P1) (R4P2),Grado del dolor,,,,No,,,No,6,Grado del dolor,,6,Grado del dolor,,https://drive.google.com/open?id=1qH0TceE63v4xEe9taNSo1eDqpZMpHVgk,,,No,No,
31,4/3/2026 21:21:30,27/2/2026,José ,Rodríguez ,48,Masculino,14018840,"36,5",,No,,No,,,,No,"No, ninguno","No, ninguno","No, ninguno","No, ninguno",,,No,,,No,,,No,,,No,,,No,,,No,,,No,,,No,,,No,,,No,,,No,,,No,https://drive.google.com/open?id=1Cyn9UEQEpZ-PE1gBvm7jVezX0KDh8XlN,,,No,No,
32,28/2/2026 12:56:37,27/2/2026,Victoria,Rincón,25,Femenino,27 820 792,36.5,,No,,No,,No,,No,"No, ninguno",Si (solo izquierda),"No, ninguno","No, ninguno",,,No,,,No,,,No,,,No,,,No,,,No,,,No,,,No,,,No,,,No,,,No,,,No,https://drive.google.com/open?id=1HUdXFY3pGrPGUYj_4oinUditK21CkVJ-,,,,,
33,28/2/2026 12:54:48,27/2/2026,Beatriz ,Pacheco ,44,Femenino,14 934 351,36.4,3 (R3P1),,3 (R3P2),,,No,3 (R3P1),,Si (solo izquierda),"No, ninguno","No, ninguno","No, ninguno",,,No,,,No,,,No,,,No,,,No,,,No,1 (R2P2),,No,,,No,,,No,,,No,3,Grado del dolor,,3,Grado del dolor,,https://drive.google.com/open?id=1W8Yi1TfPok09JtSsO8zr1myfXBN8lMoe,,,,,
34,28/2/2026 12:52:50,27/2/2026,Hillarye ,Carpio,18,Femenino,32 264 448,"36,5",,No,6,,5 (R3P1),,,No,"No, ninguno","No, ninguno","No, ninguno","No, ninguno",,,No,,,No,,,No,,,No,,,No,,,No,8 (R3P2) (R4P3P4),Grado del dolor,,8 (R4P1),Grado del dolor,,8,Grado del dolor,,9,Grado del dolor,,9,Grado del dolor,,9,Grado del dolor,,https://drive.google.com/open?id=1p-xi2T28DyF3oRU0J9gN1iHnUUwxramI,,,,,
35,28/2/2026 12:50:51,27/2/2026,Eskel,Rosales ,54,Femenino,11033844,36.4,,No,,No,,No,,No,Ambos lados,Si (solo izquierda),"No, ninguno","No, ninguno",,,No,,,No,,,No,,,No,,,No,,,No,,,No,,,No,,,No,,,No,,,No,,,No,https://drive.google.com/open?id=1NSOuQMgFYxyMO3DunXgTG5I7NSk_bgb9,,,,,
36,28/2/2026 12:49:17,27/2/2026,Vidal de Jesús,Villegas ,60,Masculino,                        8 768 369,36.2,,No,,No,,No,,No,Si (solo izquierda),Si (solo izquierda),"No, ninguno","No, ninguno",,,No,,,No,,,No,,,No,,,No,,,No,,,No,,,No,1,Grado del dolor,No,,,No,1,Grado del dolor,,,,No,https://drive.google.com/open?id=1h96HEZkMgs9PumbhME6hRadHdtXqgdq7,,,,,
37,28/2/2026 12:47:27,27/2/2026,Rosanny,Huaylinos ,24,Femenino,                      28 308 688,36.7,3 (R3P3),,3 (R3P3),,10 (R3P2),,10 (R3P2),,Si (solo derecha),Si (solo derecha),"No, ninguno","No, ninguno",,,No,,,No,,,No,,,No,2 (R1P1),Grado del dolor,,2 (R1P1),Grado del dolor,,4 (R4P4),Grado del dolor,,,,No,8,Grado del dolor,,8,Grado del dolor,,4,Grado del dolor,,10,Grado del dolor,,https://drive.google.com/open?id=1-KkQIgDdCAVpGlk3tsjXfSr6gc4eMium,,,,,
38,3/3/2026 20:02:55,27/2/2026,Natalia,Coronado,53,Femenino,11070858,36.4,,No,,No,,No,,No,Si (solo izquierda),Si (solo izquierda),"No, ninguno","No, ninguno",,,No,,,No,,,No,,,No,,,No,,,No,,,No,,,No,1,Grado del dolor,,,,No,4,Grado del dolor,,4,Grado del dolor,,https://drive.google.com/open?id=12TStUW2Nqx8jeZxZwl47n7BSl8RVtKao,,,,,
39,3/3/2026 19:51:15,27/2/2026,Ruth,Rodriguez,24,Femenino,28076462,36.6,,No,1 (R3P3),,,No,,No,Si (solo izquierda),Si (solo izquierda),Ambos lados,"No, ninguno",,,No,,,No,,,No,,,No,,,No,,,No,8 (R3P1) (R4P2),Grado del dolor,,10 (R4P1) (R3P2),Grado del dolor,,6,Grado del dolor,,5,Grado del dolor,,5,Grado del dolor,,2,Grado del dolor,,https://drive.google.com/open?id=1hwX3ou9j0WluTsZbI-U9RmUo2ggDBMkR,,,,,
40,3/3/2026 19:03:27,27/2/2026,Scarlet,Bogadi,25,Femenino,27798568,36.5,,No,,No,5,,,No,Si (solo izquierda),Si (solo izquierda),Si (solo izquierda),"No, ninguno",,,No,,,No,,,No,,,No,,,No,,,No,,,No,5 (R3P1),Grado del dolor,,,,No,,,No,6,Grado del dolor,,6,Grado del dolor,,https://drive.google.com/open?id=1O7RNsXPHyvwFD0VJS_WpI7ENInQQQvUK,,,,,
41,3/3/2026 18:51:28,27/2/2026,Gregori,Paredes,27,Masculino,26473931,36.5,,No,,No,,No,,No,Si (solo izquierda),"No, ninguno","No, ninguno","No, ninguno",,,No,,,No,,,No,,,No,,,No,,,No,5 (R3P1),Grado del dolor,,5 (R3P1),Grado del dolor,,,,No,,,No,7,Grado del dolor,,7,Grado del dolor,,https://drive.google.com/open?id=18697cmvWQO_j1gEsJ0A9CN5v0Lf4KZAO,,,,,
42,3/3/2026 18:32:03,27/2/2026,Michelle,Villalobos,25,Femenino,27693162,36.8,,No,,No,,No,,No,Si (solo derecha),"No, ninguno","No, ninguno","No, ninguno",,,No,,,No,,,No,,,No,,,No,5 (R1P3),Grado del dolor,,,,No,5 (R3P2P1),Grado del dolor,,6,Grado del dolor,,6,Grado del dolor,,5,Grado del dolor,,,Grado del dolor,,https://drive.google.com/open?id=1645bF11hqf7AZ3xtH6JKcAJ7FrLvi7MO,,,,,
43,3/3/2026 18:07:19,27/2/2026,Glorymar ,Gimenez,23,Femenino,28327389,36.8,7 (R3P2),,,No,3 (R3P1),,,No,"No, ninguno",Si (solo derecha),"No, ninguno","No, ninguno",,,No,,,No,,,No,,,No,,,No,,,No,7 (R3P3P4),Grado del dolor,,,,No,5,Grado del dolor,,6,Grado del dolor,,6,Grado del dolor,,10,Grado del dolor,,https://drive.google.com/open?id=1HNV6h5pKMhIcym7JN8J3F-QOk3mutdGa,,,,,
28,4/3/2026 22:35:35,27/2/2026,Gerardo,Ceglia,18,Masculino,32356725,37,,No,,,,,,,"No, ninguno","No, ninguno","No, ninguno","No, ninguno",,,No,,,No,,,No,,,No,,,No,,,No,,,No,1 (R4P1),1,,3,,,,,No,5,Grado del dolor,,,,No,https://drive.google.com/open?id=1EZpqiRWtI40H9sBkdc8AULQd96J0c_jz,,1 (R3P3),4 (R3P2),No,