numero de muestra,Marca temporal,Fecha,Nombre,Apellido,Edad,Sexo,Cédula ,temperatura basal,ATM_ANTERIOR_DERECHA_R3P1,ATM_ANTERIOR_DERECHA_R3P2,ATM_ANTERIOR_DERECHA_R3P3,ATM_ANTERIOR_DERECHA_R3P6,ATM_ANTERIOR_IZQUIERDA_R3P1,ATM_ANTERIOR_IZQUIERDA_R3P2,ATM_ANTERIOR_IZQUIERDA_R3P3,ATM_POSTERIOR_DERECHA_R3P1,ATM_POSTERIOR_DERECHA_R3P2,ATM_POSTERIOR_DERECHA_R3P3,ATM_POSTERIOR_IZQUIERDA_R3P1,ATM_POSTERIOR_IZQUIERDA_R3P2,ATM_POSTERIOR_IZQUIERDA_R3P3,ATM_POSTERIOR_IZQUIERDA_R3P4,ESTERNOCLEIDOMASTOIDEO_DERECHA_R2P2,ESTERNOCLEIDOMASTOIDEO_DERECHA_R2P3,ESTERNOCLEIDOMASTOIDEO_DERECHA_R2P4,ESTERNOCLEIDOMASTOIDEO_DERECHA_R2P5,ESTERNOCLEIDOMASTOIDEO_IZQUIERDA_R2P1,ESTERNOCLEIDOMASTOIDEO_IZQUIERDA_R2P4,ESTERNOCLEIDOMASTOIDEO_IZQUIERDA_R2P6,ESTERNOCLEIDOMASTOIDEO_IZQUIERDA_R2P7,MASETERO_DERECHO_R2P1,MASETERO_DERECHO_R2P2,MASETERO_DERECHO_R3P1,MASETERO_DERECHO_R3P2,MASETERO_DERECHO_R3P3,MASETERO_DERECHO_R3P4,MASETERO_DERECHO_R4P1,MASETERO_DERECHO_R4P2,MASETERO_DERECHO_R4P3,MASETERO_DERECHO_R4P4,MASETERO_IZQUIERDO_R2P3,MASETERO_IZQUIERDO_R2P4,MASETERO_IZQUIERDO_R3P1,MASETERO_IZQUIERDO_R3P2,MASETERO_IZQUIERDO_R3P3,MASETERO_IZQUIERDO_R3P4,MASETERO_IZQUIERDO_R3P5,MASETERO_IZQUIERDO_R3P6,MASETERO_IZQUIERDO_R4P1,MASETERO_IZQUIERDO_R4P2,MASETERO_IZQUIERDO_R4P3,MASETERO_IZQUIERDO_R4P4,MASETERO_IZQUIERDO_R4P5,TEMPORAL_DERECHO_R1P1,TEMPORAL_DERECHO_R1P2,TEMPORAL_DERECHO_R1P7,TEMPORAL_IZQUIERDO_R1P1,TEMPORAL_IZQUIERDO_R1P2,TEMPORAL_IZQUIERDO_R1P3
1,3/3/2026 16:42:43,26/2/2026,Jadassa,Perez,20,Femenino,30700340,36.5,,,,,,,,,,,,,,,,,,,,,,,,,,,,,,,,,,,,,,,,,,,,,,,,,,,
2,3/3/2026 16:50:09,26/2/2026,Atilio ,Batista ,68,Masculino,9014891,36.8,,,,,,,,,,,,,,,,,,,,,,,,,,,,,1,,,,,,,,,,,,1,,,,,,,,,,
3,3/3/2026 16:47:33,26/2/2026,Adrian ,Flores ,23,Masculino,29557033,37.4,,,,,,,,,,,,,,,,,,,5,,,,,,,,,,3,,,,,,,,,,,,,,,,,,,,,,
4,26/2/2026 23:51:17,26/2/2026,Valeria ,Liendo,26,Femenino,26952833,"36,3",,,,,,,,,,,,,,,5,,,,6,,,,,,7,,,,,,,,,,,,,,,,,,,,,,,,,,
5,4/3/2026 22:15:37,26/2/2026,Edixo,Rincon,47,Masculino,13609569,"36,5",,,,,,,,,,,,,,,,,,,,,,,,,,,,,,,,,,,,,,,,,,,,,,,,,,,
6,4/3/2026 21:43:15,26/2/2026,Ligia ,Naranjo,55,femenino,10496095,"36,3",,3,,,,,,,,,,,,,,,,,,,,,,,3,,,,,,,,,,,,,,,,,,,,,,,,,,
7,26/2/2026 23:42:02,26/2/2026,Rosaura ,Sanabria,78,Femenino,3721720,"36,5",,,,,,,,,,,,,,,,,,,,,,,,,,,,,,,,,,,,,,,,,,,,,,,,,,,
8,26/2/2026 23:46:47,26/2/2026,Grey,De la Peña,60,Femenino,24524633,"36,5",,,,,,8,,,,,5,,,,5,,,,,8,,,,,8,,,,,,8,,,,,,,,10,10,,,,,,,,,,,5
9,26/2/2026 23:51:36,26/2/2026,Gabriel,Cabrera,24,Masculino,30145371,"36,8",,,,,,,,,,,,,,,,,,,,,,,,,1,,,,,,,,,,,,,,,,,,,,,,,,,,
10,27/2/2026 0:01:00,26/2/2026,Yajaira ,Alvarez,74,Femenino,4074373,36.3,,,,9,,,9,,8,,,,,7,,,8,8,,,9,9,,,9,,9,,,,,,,,,7,,,7,,,,,,,,,7,7,,
11,26/2/2026 22:17:04,26/2/2026,Aranayed ,Andrade ,31,Femenino,22900125,36.9,,,,,,2,,,,,3,,,,,,,,,,,,,,,,,,4,,,,6,6,,,,,,,,,,,,,,,,,
12,26/2/2026 22:20:08,26/2/2026,Katherine ,Izquiel ,24,Femenino,28313431,36.3,,,3,,5,,,,,,,4,,,,,,,,,,,4,4,,,,,,,,,,,,,,,,,,,4,,,,,,,,
13,28/2/2026 16:50:01,27/2/2026,Naime ,Machado,42,Masculino,16658477,"36,6",,,,,,,,,,,2,,,,,,,,,,,,,,3,,,,,3,3,,,,,6,,,,,,,,,,,,,,,
14,28/2/2026 17:01:26,27/2/2026,Karen,Gil ,25,Femenino,27302568,"36,4",,,,,,8,,6,,,,,,,,,,,,,,,,,,,8,,,,,,,,,,,,,,,5,,,,,5,,,,
15,28/2/2026 17:09:38,27/2/2026,Zaima,Sojo,63,Femenino,6126630,"36,4",,,,,,8,,,,,5,,,,,,,,,,,,,,,,,,,,,,,,,,6,,,,,,,6,,,,,,,
16,28/2/2026 17:35:58,27/2/2026,Elizabeth ,Guzmán ,26,Femenino,28484277,"36,4",,,,,,2,,,,,,,4,,,,,,,,,,,,6,,,,,6,6,,,,,,,,,,8,,,,,,,,,,
17,28/2/2026 17:41:40,27/2/2026,Gissell ,Gonzalez ,25,Femenino,27222817,"36,6",6,,,,,,,,6,,,,,,,,,,,,,,,,,,,,,,,,,,,,,,,,,,,,,,,,8,,
18,3/3/2026 17:07:31,27/2/2026,Ysabella,Romero,29,Femenino,25601299,"36,4",,,,,,,,,,,,,,5,,,,,,,,,,,,,,,,8,8,,,,,,,,,,,,,,,4,,,,4,
19,3/3/2026 17:09:44,27/2/2026,Judith,Diaz,58,Femenino,6196436,"36,4",,,,,,,,,,,,,,,,,,,,,,,,,,,,,,,,,,,,,,,,,,,,,,,,,,,
20,3/3/2026 17:11:58,27/2/2026,Valery,Rincon,20,Femenino,31481131,"36,3",,,,,,,,,,,,,,,,,,,,,,,,,,,,,,,,,,,,,,,,,,,,,,,,,,,
21,3/3/2026 17:14:16,27/2/2026,Yubiry,Ordóñez ,28,Femenino,25964074,"36,6",,,,,6,,,,,4,,,,,,,,,,,,,,,8,,,,,8,,,,,,,,,,,,,,,,,,,,,
22,28/2/2026 11:46:05,27/2/2026,Joseph,Ornelas,23,Masculino,29565607,36.7,,,,,,,,,5,,3,,,,,3,,,,,,,,,,,,,,,,,,,,,,,,,,2,,,,6,,,,,
23,28/2/2026 11:43:08,27/2/2026,Patricia ,Figueira ,28,Femenino,25891941,37.4,,,3,,,3,,6,,,6,,,,,,,4,,,,,,,,,,6,,,,,,,,,,7,,,,,,,7,,4,,,,4
24,4/3/2026 20:28:35,27/2/2026,Kenny,Rengifo,34,Masculino,19512352,36.3,,,,,,,,,,,,,,,,,,,,,,,,,2,,,,,,,,,,,,,,,,,,,,,,,,,,
25,4/3/2026 20:18:10,27/2/2026,Oracio,Hernández ,30,Masculino,26952826,"36,4",,,,,,,,,,,2,,,,,,,,,,,,,,,,,,,,,,,,,,,,,,,,,,,,,,,,
26,4/3/2026 20:05:46,27/2/2026,Barbara,Aranguren,49,femenino,14018840,"36,5",,,,,,,,,,,,,,,,,,,,,,,,,,,,,,,,,,,,,,,,,,,,,,,,,,,
27,4/3/2026 20:37:13,27/2/2026,Carlos ,Hernandez ,18,Masculino,32056804,"36,4",,,,,,,,,,,,,,,,,,,,,,,,,,,,,,,,,,,,,,,,,,,,,,,,,,,
29,4/3/2026 21:05:18,27/2/2026,Miguel,Siebe,25,Masculino,27995838,"36,6",,,,,,,,,,,,,,,,,,,,,,,,,,,,,,,,,,,,,,,,,,,,,,,,,,,
30,4/3/2026 20:49:55,27/2/2026,Karina,Rodríguez ,27,femenino,29508366,"36,8",,,,,,,,,,,,,,,,,,,,,,,,,4,,,,,,,,,,6,,,,,,,6,,,,,,,,,
31,4/3/2026 21:21:30,27/2/2026,José ,Rodríguez ,48,Masculino,14018840,"36,5",,,,,,,,,,,,,,,,,,,,,,,,,,,,,,,,,,,,,,,,,,,,,,,,,,,
32,28/2/2026 12:56:37,27/2/2026,Victoria,Rincón,25,Femenino,27 820 792,36.5,,,,,,,,,,,,,,,,,,,,,,,,,,,,,,,,,,,,,,,,,,,,,,,,,,,
33,28/2/2026 12:54:48,27/2/2026,Beatriz ,Pacheco ,44,Femenino,14 934 351,36.4,3,,,,,3,,,,,3,,,,,,,,,,,,,1,,,,,,,,,,,,,,,,,,,,,,,,,,,
34,28/2/2026 12:52:50,27/2/2026,Hillarye ,Carpio,18,Femenino,32 264 448,"36,5",,,,,,,,5,,,,,,,,,,,,,,,,,,8,,,,,8,8,,,,,,,,,8,,,,,,,,,,
35,28/2/2026 12:50:51,27/2/2026,Eskel,Rosales ,54,Femenino,11033844,36.4,,,,,,,,,,,,,,,,,,,,,,,,,,,,,,,,,,,,,,,,,,,,,,,,,,,
36,28/2/2026 12:49:17,27/2/2026,Vidal de Jesús,Villegas ,60,Masculino,                        8 768 369,36.2,,,,,,,,,,,,,,,,,,,,,,,,,,,,,,,,,,,,,,,,,,,,,,,,,,,
37,28/2/2026 12:47:27,27/2/2026,Rosanny,Huaylinos ,24,Femenino,                      28 308 688,36.7,,,3,,,,3,,10,,,10,,,,,,,,,,,,,,,,,,,,4,,,,,,,,,,,,,,2,,,2,,
38,3/3/2026 20:02:55,27/2/2026,Natalia,Coronado,53,Femenino,11070858,36.4,,,,,,,,,,,,,,,,,,,,,,,,,,,,,,,,,,,,,,,,,,,,,,,,,,,
39,3/3/2026 19:51:15,27/2/2026,Ruth,Rodriguez,24,Femenino,28076462,36.6,,,,,,,1,,,,,,,,,,,,,,,,,,8,,,,,8,,,,,,10,,,,,10,,,,,,,,,,
40,3/3/2026 19:03:27,27/2/2026,Scarlet,Bogadi,25,Femenino,27798568,36.5,,,,,,,,,,,,,,,,,,,,,,,,,,,,,,,,,,,5,,,,,,,,,,,,,,,,
41,3/3/2026 18:51:28,27/2/2026,Gregori,Paredes,27,Masculino,26473931,36.5,,,,,,,,,,,,,,,,,,,,,,,,,5,,,,,,,,,,5,,,,,,,,,,,,,,,,
42,3/3/2026 18:32:03,27/2/2026,Michelle,Villalobos,25,Femenino,27693162,36.8,,,,,,,,,,,,,,,,,,,,,,,,,,,,,,,,,,,5,5,,,,,,,,,,,,,,,5
43,3/3/2026 18:07:19,27/2/2026,Glorymar ,Gimenez,23,Femenino,28327389,36.8,,7,,,,,,3,,,,,,,,,,,,,,,,,,,7,7,,,,,,,,,,,,,,,,,,,,,,,
28,4/3/2026 22:35:35,27/2/2026,Gerardo,Ceglia,18,Masculino,32356725,37,,,,,,,1,,,,,4,,,,,,,,,,,,,,,,,,,,,,,,,,,,,1,,,,,,,,,,
