nivel,subgrupo,metrica,valor_1,valor_2,valor_3,valor_4
Global,delta_t_regional_primera,spearman_delta_vs_intensidad,-0.017706987640405923,0.40721691450645336,,
Región,r1,spearman_delta_region_vs_intensidad,-0.037444870761894025,0.5493441613822275,,
Región,r2,spearman_delta_region_vs_intensidad,0.09487548642933442,0.03117805913414838,,
Región,r3,spearman_delta_region_vs_intensidad,-0.05174855463442094,0.0966113961446518,,
Región,r4,spearman_delta_region_vs_intensidad,0.003329977403353086,0.9479378160689482,,
Global,delta_t_regional_primera,roc_delta_global,0.47681188382627226,0.3,0.6666666666666666,0.3453237410071942
Región,r1,roc_delta_region,0.4436878910563121,0.2,0.9090909090909091,0.1659919028340081
Región,r2,roc_delta_region,0.6612774451097804,0.5,0.8,0.5449101796407185
Región,r3,roc_delta_region,0.4418153226202761,1.6,0.06349206349206349,0.9545923632610939
Región,r4,roc_delta_region,0.5006435926773455,0.7,0.3157894736842105,0.7961956521739131
