muestra,grupo,delta_t_max,delta_t_mean,intensidad_max,presencia_dolor,delta_t_r1,delta_t_r2,delta_t_r3,delta_t_r4,temp_max_r1,temp_max_r2,temp_max_r3,temp_max_r4
1,Sin Dolor,0.4,0.2588235294117647,0.0,0,0.20000000000000004,0.10000000000000002,0.3,0.4,34.0,33.6,34.175,32.96666666666667
2,Con Dolor,1.1,0.7411764705882353,1.0,1,0.4000000000000001,0.6,1.1,0.2,34.0,33.949999999999996,34.454166666666666,33.27777777777778
3,Con Dolor,0.5,0.35294117647058826,5.0,1,0.20000000000000004,0.10000000000000002,0.5,0.4,32.949999999999996,33.4,33.645833333333336,32.65555555555555
4,Con Dolor,1.5,0.5705882352941177,7.0,1,0.6,0.6,0.20000000000000004,1.5,33.4,33.1,34.5,31.84444444444445
5,Sin Dolor,0.6,0.23529411764705882,0.0,0,0.3,0.4000000000000001,0.0,0.6,33.699999999999996,33.9,34.12916666666666,34.0
6,Con Dolor,1.6,0.47647058823529415,3.0,1,1.6000000000000003,0.20000000000000004,0.4000000000000001,0.3,34.0,32.75,34.391666666666666,31.91111111111111
7,Sin Dolor,4.4,0.8647058823529412,0.0,0,4.4,0.20000000000000004,0.6,0.1,33.800000000000004,33.25,32.795833333333334,32.02222222222222
8,Con Dolor,1.4,0.38823529411764707,10.0,1,0.20000000000000004,1.3999999999999997,0.0,0.2,34.5,34.35,34.425000000000004,32.577777777777776
9,Con Dolor,0.6,0.3176470588235294,1.0,1,0.4000000000000001,0.5,0.10000000000000002,0.6,33.8,32.949999999999996,34.19166666666667,32.67777777777778
10,Con Dolor,0.5,0.19411764705882353,9.0,1,0.5,0.5,0.0,0.1,32.85,32.0,32.6,30.477777777777778
11,Con Dolor,1.1,0.45882352941176474,6.0,1,0.10000000000000002,1.1,0.4000000000000001,0.0,34.199999999999996,33.9,35.12083333333333,32.84444444444444
12,Con Dolor,1.1,0.8529411764705882,5.0,1,1.1,1.0,1.0,0.1,35.3,34.949999999999996,34.895833333333336,33.72222222222222
13,Con Dolor,1.5,0.5294117647058824,6.0,1,0.0,1.5,0.3,0.2,33.7,33.5,33.84583333333333,33.86666666666667
14,Con Dolor,0.6,0.4941176470588235,8.0,1,0.3,0.6,0.6,0.2,33.6,33.6,34.233333333333334,32.18888888888889
15,Con Dolor,1.7,0.7176470588235294,8.0,1,0.20000000000000004,1.7,0.4000000000000001,0.6,34.4,33.6,34.03333333333333,32.111111111111114
16,Sin Dolor,0.5,0.31176470588235294,0.0,0,0.3,0.4000000000000001,0.20000000000000004,0.5,34.2,33.75,34.68333333333333,32.75555555555556
17,Con Dolor,2.0,0.3588235294117647,8.0,1,2.0,0.10000000000000002,0.10000000000000002,0.3,34.55,33.949999999999996,34.28333333333334,32.333333333333336
18,Con Dolor,0.9,0.3588235294117647,8.0,1,0.3,0.6999999999999998,0.0,0.8999999999999999,34.0,33.0,34.09166666666667,31.488888888888887
19,Sin Dolor,0.7,0.4294117647058823,0.0,0,0.6999999999999998,0.4000000000000001,0.5,0.1,33.550000000000004,33.300000000000004,33.4875,32.0
20,Sin Dolor,1.9,0.888235294117647,0.0,0,0.10000000000000002,0.5,0.9,1.8999999999999997,33.6,34.949999999999996,34.87916666666667,34.84444444444445
21,Con Dolor,1.8,0.48823529411764705,8.0,1,1.8,0.10000000000000002,0.5,0.1,34.050000000000004,33.050000000000004,34.18333333333333,32.15555555555556
22,Con Dolor,0.4,0.2,6.0,1,0.10000000000000002,0.3,0.10000000000000002,0.4,33.6,33.35,34.31666666666667,33.34444444444444
23,Con Dolor,0.7,0.3352941176470588,7.0,1,0.20000000000000004,0.20000000000000004,0.3,0.7,33.550000000000004,33.85,34.375,32.7
24,Con Dolor,0.5,0.3,2.0,1,0.20000000000000004,0.20000000000000004,0.3,0.5,32.949999999999996,32.550000000000004,33.854166666666664,31.866666666666667
25,Con Dolor,0.6,0.32941176470588235,2.0,1,0.20000000000000004,0.6,0.20000000000000004,0.4,33.800000000000004,33.6,34.454166666666666,32.888888888888886
26,Sin Dolor,1.2,0.48235294117647054,0.0,0,1.2,0.6999999999999998,0.3,0.2,34.0,33.35,34.28333333333334,32.18888888888889
27,Sin Dolor,1.9,0.6294117647058823,0.0,0,1.8999999999999997,0.20000000000000004,0.20000000000000004,1.5,34.0,34.05,34.12916666666666,33.58888888888889
28,Con Dolor,1.6,0.9117647058823529,4.0,1,0.10000000000000002,0.4000000000000001,1.6000000000000003,0.3,34.0,33.55,34.61666666666667,32.7
29,Sin Dolor,0.7,0.4235294117647058,0.0,0,0.6999999999999998,0.10000000000000002,0.6,0.2,34.300000000000004,33.85,35.108333333333334,33.68888888888889
30,Con Dolor,2.5,1.723529411764706,6.0,1,1.6000000000000003,2.5,1.6000000000000003,1.1,33.6,32.9,33.725,31.266666666666666
31,Sin Dolor,0.3,0.1823529411764706,0.0,0,0.20000000000000004,0.0,0.3,0.1,34.65,33.8,35.19166666666667,33.74444444444444
32,Sin Dolor,0.8,0.34117647058823536,0.0,0,0.6,0.8000000000000002,0.10000000000000002,0.2,34.1,34.550000000000004,35.275,32.84444444444444
33,Sin Dolor,1.7,0.5176470588235295,0.0,0,1.7,0.4000000000000001,0.4000000000000001,0.2,34.35,33.85,35.17083333333333,32.82222222222222
34,Sin Dolor,0.4,0.2882352941176471,0.0,0,0.4000000000000001,0.4000000000000001,0.20000000000000004,0.3,34.449999999999996,34.15,35.25416666666667,32.63333333333333
35,Sin Dolor,0.7,0.3,0.0,0,0.6999999999999998,0.3,0.20000000000000004,0.3,32.949999999999996,33.050000000000004,34.791666666666664,31.511111111111113
36,Sin Dolor,1.0,0.6764705882352942,0.0,0,0.10000000000000002,0.6,1.0,0.3,34.0,34.85,34.666666666666664,33.71111111111111
37,Sin Dolor,1.9,1.0294117647058822,0.0,0,0.9,0.3,1.1,1.8999999999999997,34.85,34.4,35.09583333333333,33.56666666666667
38,Sin Dolor,2.7,0.9882352941176472,0.0,0,2.7000000000000006,0.5,1.1,0.2,34.85,34.550000000000004,35.762499999999996,33.55555555555556
39,Con Dolor,1.0,0.7999999999999999,10.0,1,0.4000000000000001,0.6,1.0,0.8,34.05,33.4,34.266666666666666,32.82222222222222
40,Con Dolor,1.3,0.47058823529411764,5.0,1,1.3,0.6,0.3,0.2,34.550000000000004,34.800000000000004,35.25,33.46666666666667
41,Con Dolor,0.7,0.47647058823529415,5.0,1,0.10000000000000002,0.20000000000000004,0.6999999999999998,0.5,34.35,34.300000000000004,35.1625,34.12222222222222
42,Con Dolor,1.1,0.5294117647058824,5.0,1,1.1,0.10000000000000002,0.5,0.8,34.65,35.449999999999996,35.275,34.17777777777778
43,Con Dolor,0.3,0.2117647058823529,7.0,1,0.3,0.0,0.3,0.2,35.35,34.8,35.725,33.611111111111114
