analisis,n,valor_1,valor_2,significativo,valor_3,valor_4
spearman_temp_max_r3_vs_intensidad,430,-0.07812851592244441,0.10569164245486207,False,,
spearman_delta_t_norm_r3_vs_intensidad,430,-0.054768303404411564,0.2571115684342819,False,,
roc_temp_max_r3,430,0.41108435807034144,32.6,False,1.0,0.009975062344139696
spearman_punto_p1,86,-0.17860249027625724,0.09990533444313111,False,,
spearman_punto_p2,86,-0.06598935303541491,0.5460671910055849,False,,
spearman_punto_p3,86,-0.10576695245004751,0.33243961199064065,False,,
spearman_punto_p4,86,0.07010160400632602,0.5212807563140073,False,,
spearman_punto_p5,43,-0.12825616250893743,0.4124200557101605,False,,
spearman_punto_p6,43,0.07483674462669833,0.6334002001292058,False,,
logit_masetero_r3_auc,430,0.627955972138619,0.034182167447149414,True,211.13493325403863,
