nivel,subgrupo,rho,p_orig,p_bonf,significativo
Global,Todos,-0.02016841944253958,0.5664335664335665,1.0,False
Región,r1,0.061190941807940234,0.4065934065934066,1.0,False
Región,r2,-0.08062129525163812,0.20679320679320679,1.0,False
Región,r3,-0.021186120384838573,0.6933066933066933,1.0,False
Región,r4,0.02059579618122656,0.6933066933066933,1.0,False
Músculo,atm,0.005864397789495596,0.9170829170829171,1.0,False
Músculo,esternocleidomastoideo,-0.12688775803565558,0.12787212787212787,1.0,False
Músculo,masetero,-0.02387981260972571,0.5584415584415584,1.0,False
Músculo,temporal,0.061190941807940234,0.42857142857142855,1.0,False
Punto,ATM_ANTERIOR_DERECHA_R3P1,-0.012441635888002374,0.9368861334853614,1.0,False
Punto,ATM_ANTERIOR_DERECHA_R3P2,0.07245555056108192,0.644274925433701,1.0,False
Punto,ATM_ANTERIOR_DERECHA_R3P3,0.06678154613868828,0.6704814521123211,1.0,False
Punto,ATM_ANTERIOR_DERECHA_R3P6,-0.24883271776004748,0.10760615993360154,1.0,False
Punto,ATM_ANTERIOR_IZQUIERDA_R3P1,0.05510372238217462,0.7256194838836537,1.0,False
Punto,ATM_ANTERIOR_IZQUIERDA_R3P2,-0.26445885580299755,0.08657797779712867,1.0,False
Punto,ATM_ANTERIOR_IZQUIERDA_R3P3,-0.11504179811530259,0.46258655545184985,1.0,False
Punto,ATM_POSTERIOR_DERECHA_R3P1,-0.046618383520507074,0.7665805760961203,1.0,False
Punto,ATM_POSTERIOR_DERECHA_R3P2,-0.14025569501393298,0.36968575266568987,1.0,False
Punto,ATM_POSTERIOR_DERECHA_R3P3,-0.04354572560800831,0.7815761412422694,1.0,False
Punto,ATM_POSTERIOR_IZQUIERDA_R3P1,-0.2130265255544816,0.1702042064072797,1.0,False
Punto,ATM_POSTERIOR_IZQUIERDA_R3P2,0.2450324398648154,0.11326481098102414,1.0,False
Punto,ATM_POSTERIOR_IZQUIERDA_R3P4,-0.27406851395344745,0.07532883028432488,1.0,False
Punto,ESTERNOCLEIDOMASTOIDEO_DERECHA_R2P2,-0.2628529809458929,0.08857893210375646,1.0,False
Punto,ESTERNOCLEIDOMASTOIDEO_DERECHA_R2P3,-0.024900219028791103,0.8740670108760709,1.0,False
Punto,ESTERNOCLEIDOMASTOIDEO_DERECHA_R2P4,-0.23655208077351553,0.126702709667655,1.0,False
Punto,ESTERNOCLEIDOMASTOIDEO_DERECHA_R2P5,-0.23408724169871173,0.13082400657692084,1.0,False
Punto,ESTERNOCLEIDOMASTOIDEO_IZQUIERDA_R2P1,-0.18338139631483766,0.2391588194142234,1.0,False
Punto,ESTERNOCLEIDOMASTOIDEO_IZQUIERDA_R2P4,0.05597678327279839,0.7214453718646643,1.0,False
Punto,ESTERNOCLEIDOMASTOIDEO_IZQUIERDA_R2P6,-0.2487857034346595,0.10767482219485772,1.0,False
Punto,ESTERNOCLEIDOMASTOIDEO_IZQUIERDA_R2P7,-0.2487857034346595,0.10767482219485772,1.0,False
Punto,MASETERO_DERECHO_R2P1,0.249002190287911,0.10735893011655584,1.0,False
Punto,MASETERO_DERECHO_R2P2,0.249002190287911,0.10735893011655584,1.0,False
Punto,MASETERO_DERECHO_R3P1,-0.3970294842925313,0.008386255851444362,0.4780165835323286,False
Punto,MASETERO_DERECHO_R3P3,-0.10476416243418776,0.5037604662079573,1.0,False
Punto,MASETERO_DERECHO_R3P4,0.050718885392757346,0.7467000845533344,1.0,False
Punto,MASETERO_DERECHO_R4P1,-0.05893340733589225,0.707369591454818,1.0,False
Punto,MASETERO_DERECHO_R4P2,-0.0009001195438136547,0.9954293073432475,1.0,False
Punto,MASETERO_DERECHO_R4P3,-0.043117832135890134,0.7836707524987873,1.0,False
Punto,MASETERO_IZQUIERDO_R2P3,-0.1990285627477276,0.20071919855605877,1.0,False
Punto,MASETERO_IZQUIERDO_R2P4,-0.1990285627477276,0.20071919855605877,1.0,False
Punto,MASETERO_IZQUIERDO_R3P1,0.13959244080385283,0.3719761564352174,1.0,False
Punto,MASETERO_IZQUIERDO_R3P2,0.04500304005803735,0.774453860384735,1.0,False
Punto,MASETERO_IZQUIERDO_R3P3,-0.08092571184357109,0.6059412506222561,1.0,False
Punto,MASETERO_IZQUIERDO_R3P4,-0.2116518617447244,0.17304322080258305,1.0,False
Punto,MASETERO_IZQUIERDO_R3P5,-0.29209115999573765,0.05735323197121809,1.0,False
Punto,MASETERO_IZQUIERDO_R3P6,-0.14940131417274663,0.3389700173610857,1.0,False
Punto,MASETERO_IZQUIERDO_R4P1,0.08159738743814016,0.602943916513555,1.0,False
Punto,MASETERO_IZQUIERDO_R4P2,-0.17308296877446944,0.267025276594805,1.0,False
Punto,MASETERO_IZQUIERDO_R4P3,0.2363732133900761,0.12699846694131128,1.0,False
Punto,MASETERO_IZQUIERDO_R4P4,-0.2052714747861187,0.18666694300823822,1.0,False
Punto,MASETERO_IZQUIERDO_R4P5,-0.2052714747861187,0.18666694300823822,1.0,False
Punto,TEMPORAL_DERECHO_R1P1,-0.025665116414266217,0.8702310707070916,1.0,False
Punto,TEMPORAL_DERECHO_R1P2,-0.1268767448543967,0.4175067094676353,1.0,False
Punto,TEMPORAL_DERECHO_R1P7,-0.07463571103039786,0.6343154042029238,1.0,False
Punto,TEMPORAL_IZQUIERDO_R1P1,0.06417249062620253,0.6826651127963318,1.0,False
Punto,TEMPORAL_IZQUIERDO_R1P2,-0.11197049074320602,0.4746977418730277,1.0,False
Punto,TEMPORAL_IZQUIERDO_R1P3,0.037036691952265534,0.8135955504980268,1.0,False
