subgrupo,auc_raw,auc_norm,delta_auc,T_star_norm,sens_norm,spec_norm
Global,0.47681188382627226,0.47300826005861973,-0.003803623767652531,0.0,0.4537037037037037,0.5616306954436451
r1,0.4436878910563121,0.5894368789105632,0.14574898785425106,0.10000000000000142,0.7272727272727273,0.6194331983805668
r2,0.6612774451097804,0.36187624750499003,-0.29940119760479034,1.0999999999999979,0.13333333333333333,0.9800399201596807
r3,0.4418153226202761,0.47326649958228906,0.03145117696201294,-0.10000000000000142,0.5079365079365079,0.5376676986584108
r4,0.5006435926773455,0.5263872997711669,0.025743707093821455,0.6000000000000014,0.21052631578947367,0.8885869565217391
atm,0.43693040596520305,0.5061619718309859,0.06923156586578283,-0.10000000000000142,0.5882352941176471,0.5422535211267605
esternocleidomastoideo,0.5764400764400766,0.2936117936117936,-0.28282828282828293,-1.3999999999999986,1.0,0.07207207207207211
masetero,0.49745505295131764,0.467982924226254,-0.029472128725063662,-1.5999999999999979,1.0,0.028815368196371427
temporal,0.4436878910563121,0.5894368789105632,0.14574898785425106,0.10000000000000142,0.7272727272727273,0.6194331983805668
