modelo,formula,termino,coef_logit,se_robusto_cluster,p_valor,odds_ratio,or_ci95_low,or_ci95_high,significativo_0_05
A,tiene_dolor ~ temp_max + region + lado,const,10.406022806633748,9.206150244916854,0.2583355965574151,33058.13002254161,0.00048193557741211336,2267605903792.3203,No
A,tiene_dolor ~ temp_max + region + lado,temp_max,-0.39743906882819097,0.268283285440894,0.1384958358508267,0.6720388895171454,0.3972201388939831,1.1369923747596755,No
A,tiene_dolor ~ temp_max + region + lado,region_r2,-0.5173889580502469,0.3955983487623755,0.19091933965751418,0.5960748944097456,0.2745155217845427,1.294299416790194,No
A,tiene_dolor ~ temp_max + region + lado,region_r3,0.5499604460637887,0.2815865783147768,0.05081039762634665,1.7331844622439199,0.9980627728882999,3.009758966833979,No
A,tiene_dolor ~ temp_max + region + lado,region_r4,-0.3650525501569696,0.6671846943129782,0.584273166636508,0.6941601716935093,0.18773750871170836,2.566659945964814,No
A,tiene_dolor ~ temp_max + region + lado,lado_izquierda,-0.04249642919213325,0.1920624587694636,0.8248871980998718,0.9583938877552707,0.6577489659515405,1.3964580586726973,No
C,tiene_dolor ~ temp_max + region + lado + sexo + edad,const,8.804569037325276,7.325428832558434,0.2293950741264298,6664.625468932132,0.0038757827142479576,11460196795.309078,No
C,tiene_dolor ~ temp_max + region + lado + sexo + edad,temp_max,-0.3645689165894751,0.21347028924811684,0.08766967103901865,0.6944959720493746,0.4570497667204494,1.0553000795815208,No
C,tiene_dolor ~ temp_max + region + lado + sexo + edad,region_r2,-0.5155978063889409,0.40010815495791163,0.19752115501495582,0.5971435116892412,0.27258756418783664,1.3081314791999972,No
C,tiene_dolor ~ temp_max + region + lado + sexo + edad,region_r3,0.52890812745176,0.28129349559765704,0.06007109289270535,1.6970783034223342,0.9778324007538948,2.945366471520408,No
C,tiene_dolor ~ temp_max + region + lado + sexo + edad,region_r4,-0.35965707656627605,0.6127902223438929,0.5572593666979515,0.6979156166592253,0.209988220553857,2.3195882449601535,No
C,tiene_dolor ~ temp_max + region + lado + sexo + edad,lado_izquierda,-0.0431371827006177,0.1910340041642983,0.8213500369093725,0.9577799902086886,0.6586539799844675,1.3927533082936636,No
C,tiene_dolor ~ temp_max + region + lado + sexo + edad,sexo_num,0.6375251673297591,0.358319205997644,0.07520531535303752,1.8917932094581873,0.9372852899746564,3.8183481439774654,No
C,tiene_dolor ~ temp_max + region + lado + sexo + edad,edad,0.0008109412871940055,0.012181930295845694,0.9469246705580449,1.0008112701889804,0.9771987650581344,1.0249943351879827,No
D,tiene_dolor ~ temp_norm + region + lado,const,-4.446770435336174,0.9534550933282312,3.1034938010530944e-06,0.011716344627464985,0.001808046896288667,0.07592321400031374,Sí
D,tiene_dolor ~ temp_norm + region + lado,temp_norm,-0.2666824651080687,0.19162397964385047,0.16401425414073856,0.7659162379862607,0.5261028443468859,1.1150437408094174,No
D,tiene_dolor ~ temp_norm + region + lado,region_r2,-0.36520831598263387,0.3955378484932808,0.3558400603431572,0.6940520536819864,0.31967569392981865,1.5068654338353817,No
D,tiene_dolor ~ temp_norm + region + lado,region_r3,0.27344611405048286,0.3110796736320092,0.379388934068404,1.3144865249490656,0.714438154857578,2.418508603613309,No
D,tiene_dolor ~ temp_norm + region + lado,region_r4,0.018681704163663767,0.4430488741906743,0.9663661769837693,1.0188572989644933,0.4275525250062071,2.427936066190118,No
D,tiene_dolor ~ temp_norm + region + lado,lado_izquierda,-0.02380873352472102,0.196643724189249,0.903631249479333,0.9764724583432824,0.6641658738277454,1.4356330240331918,No
E,tiene_dolor ~ temp_norm + region + lado + sexo + edad,const,-4.694304182293664,1.033525820602776,5.571539155766588e-06,0.00914722995860087,0.0012065652796075747,0.06934711062027145,Sí
E,tiene_dolor ~ temp_norm + region + lado + sexo + edad,temp_norm,-0.19908827008739588,0.15626556638866676,0.2026499483565366,0.8194775547849278,0.6032864508199385,1.1131419608107829,No
E,tiene_dolor ~ temp_norm + region + lado + sexo + edad,region_r2,-0.37970457342454156,0.3875390951145753,0.3271927915712446,0.6840634698921454,0.32005345750083014,1.4620770995409988,No
E,tiene_dolor ~ temp_norm + region + lado + sexo + edad,region_r3,0.2942278748758644,0.3118235348595171,0.34538853993053187,1.3420896973474816,0.7283780814247355,2.4728980754102716,No
E,tiene_dolor ~ temp_norm + region + lado + sexo + edad,region_r4,0.039442580919703894,0.4372262606403079,0.9281196109872475,1.0402307680761316,0.44153184032133264,2.450740698711005,No
E,tiene_dolor ~ temp_norm + region + lado + sexo + edad,lado_izquierda,-0.039741936997797905,0.19183083302901915,0.8358756979238973,0.9610374153548403,0.6598627231262143,1.3996743282242554,No
E,tiene_dolor ~ temp_norm + region + lado + sexo + edad,sexo_num,0.5684673050839567,0.3526462678640305,0.10696100098913049,1.7655589134186322,0.8845230735185695,3.5241571080243164,No
E,tiene_dolor ~ temp_norm + region + lado + sexo + edad,edad,0.0050277469446946945,0.013026286384957968,0.6995193880195121,1.0050404072731145,0.9797054583250072,1.0310305119445555,No
